record_id,split,log_followers,log_following,log_bio_length,log_posts,has_profile_pic,is_private,username_digits,username_length,log_following_follower_ratio,username_digit_fraction,no_posts,is_fake
0,test,3.258096538021482,7.569411792450712,0.0,0.0,1,1,0,10,4.31131525442923,0.0,1,1
1,train,5.783825182329737,8.3243363327069,0.0,0.0,1,0,4,15,2.5405111503771636,0.26666666666666666,1,1
2,test,2.772588722239781,5.991464547107982,0.0,0.0,0,0,3,12,3.2188758248682006,0.25,1,1
3,train,2.70805020110221,4.68213122712422,0.0,0.6931471805599453,1,0,1,10,1.9740810260220099,0.1,0,1
4,test,5.579729825986222,8.445052513638554,0.0,0.0,1,0,0,14,2.8653226876523323,0.0,1,1
5,train,3.5263605246161616,7.293697720601438,0.0,1.0986122886681096,1,1,4,13,3.7673371959852764,0.3076923076923077,0,1
6,train,6.042632833682381,8.493719835230594,3.4339872044851463,2.1972245773362196,1,0,0,12,2.4510870015482134,0.0,0,1
7,train,6.093569770045136,8.804325112562537,0.0,5.983936280687191,1,0,0,11,2.710755342517402,0.0,0,1
8,train,6.705639094860003,8.922391597295857,0.0,4.454347296253507,1,0,3,15,2.2167525024358534,0.2,0,1
9,test,5.017279836814924,8.79966169681513,0.6931471805599453,0.0,1,1,3,8,3.782381860000206,0.375,1,1
10,train,5.4638318050256105,8.882252884889363,0.0,0.6931471805599453,1,1,2,14,3.4184210798637524,0.14285714285714285,0,1
11,train,4.605170185988092,7.214504414151143,0.0,0.6931471805599453,1,0,3,7,2.6093342281630516,0.42857142857142855,0,1
12,test,4.0943445622221,8.795430805040018,0.0,0.0,0,1,0,12,4.701086242817918,0.0,1,1
13,train,1.6094379124341003,5.19295685089021,0.0,0.6931471805599453,1,0,0,17,3.58351893845611,0.0,0,1
14,train,3.6888794541139363,6.930494765951626,4.07753744390572,0.0,0,0,3,30,3.24161531183769,0.1,1,1
15,train,2.1972245773362196,3.1780538303479458,0.0,0.0,0,0,0,10,0.9808292530117262,0.0,1,1
16,train,6.434546518787453,5.8998973535824915,3.295836866004329,1.0986122886681096,0,0,0,9,-0.5346491652049616,0.0,0,1
17,train,3.6375861597263857,5.337538079701318,0.0,0.0,0,0,0,15,1.6999519199749322,0.0,1,1
18,test,4.204692619390966,5.501258210544727,3.5553480614894135,0.0,0,0,0,11,1.2965655911537617,0.0,1,1
19,test,3.4965075614664802,1.6094379124341003,0.0,0.6931471805599453,1,0,2,10,-1.88706964903238,0.2,0,1
20,train,3.332204510175204,5.872117789475416,0.0,0.0,1,1,4,10,2.539913279300212,0.4,1,1
21,train,3.8712010109078907,4.672828834461906,0.0,0.0,0,0,3,11,0.8016278235540151,0.2727272727272727,1,1
22,train,3.258096538021482,4.919980925828125,0.0,0.0,0,1,2,8,1.661884387806643,0.25,1,1
23,train,1.791759469228055,5.497168225293202,0.0,0.6931471805599453,0,1,0,12,3.705408756065147,0.0,0,1
24,train,0.0,6.744059186311348,0.0,0.0,0,1,4,9,6.744059186311348,0.4444444444444444,1,1
25,test,5.4510384535657,8.701845363548474,4.718498871295094,0.6931471805599453,1,0,1,20,3.2508069099827734,0.05,0,1
26,train,6.282266746896006,6.29156913955832,2.4849066497880004,0.0,1,0,0,11,0.00930239266231414,0.0,1,1
27,train,0.6931471805599453,2.1972245773362196,0.0,0.0,0,0,0,11,1.5040773967762742,0.0,1,1
28,train,0.0,4.844187086458591,0.0,0.0,1,1,0,5,4.844187086458591,0.0,1,1
29,train,1.791759469228055,4.356708826689592,0.0,0.0,1,0,4,10,2.5649493574615367,0.4,1,1
30,train,0.0,1.9459101490553132,0.0,0.0,0,1,7,11,1.9459101490553132,0.6363636363636364,1,1
31,train,4.394449154672439,7.520234556474628,2.833213344056216,0.6931471805599453,1,1,0,9,3.1257854018021884,0.0,0,1
32,train,4.477336814478207,6.747586526829315,3.9889840465642745,0.0,1,0,0,8,2.2702497123511085,0.0,1,1
33,train,3.4011973816621555,7.38025578842646,4.499809670330265,1.0986122886681096,1,0,0,11,3.9790584067643047,0.0,0,1
34,train,5.5134287461649825,7.4673710669175595,0.0,1.3862943611198906,1,0,4,10,1.953942320752577,0.4,0,1
35,train,5.673323267171493,7.727535110475448,0.0,0.0,0,1,0,12,2.054211843303955,0.0,1,1
36,test,2.5649493574615367,7.909122183211411,2.833213344056216,0.6931471805599453,1,1,0,13,5.344172825749874,0.0,0,1
37,test,3.8501476017100584,7.8328075165248645,0.0,0.0,0,0,2,12,3.982659914814806,0.16666666666666666,1,1
38,train,1.0986122886681096,7.587817219993427,2.639057329615259,0.0,0,1,1,11,6.489204931325318,0.09090909090909091,1,1
39,train,2.1972245773362196,7.215239978730097,0.0,0.0,1,0,0,8,5.018015401393878,0.0,1,1
40,train,3.6109179126442243,7.60339933974067,2.3978952727983707,1.9459101490553132,0,1,2,13,3.9924814270964455,0.15384615384615385,0,1
41,train,3.6375861597263857,7.592366128519796,2.1972245773362196,0.6931471805599453,1,0,3,9,3.95477996879341,0.3333333333333333,0,1
42,train,4.127134385045092,6.900730664045173,0.0,0.0,1,0,4,10,2.773596279000081,0.4,1,1
43,test,4.663439094112067,8.825118970345061,2.8903717578961645,0.0,1,0,0,6,4.161679876232994,0.0,1,1
44,train,6.410174881966167,8.916774356365426,3.044522437723423,0.0,0,1,0,9,2.506599474399259,0.0,1,1
45,train,2.70805020110221,7.453561871643373,0.0,0.0,1,1,4,9,4.745511670541163,0.4444444444444444,1,1
46,test,4.248495242049359,8.182559264068665,0.0,0.6931471805599453,0,0,1,9,3.9340640220193057,0.1111111111111111,0,1
47,train,3.295836866004329,7.560080465021827,0.0,0.0,0,0,0,12,4.264243599017498,0.0,1,1
48,train,2.5649493574615367,7.444833273892193,0.0,0.6931471805599453,1,0,3,13,4.879883916430657,0.23076923076923078,0,1
49,train,2.5649493574615367,7.228388451573604,0.0,0.0,0,0,5,15,4.663439094112068,0.3333333333333333,1,1
50,train,3.9512437185814275,8.08394570229562,3.9318256327243257,0.0,1,1,2,13,4.132701983714194,0.15384615384615385,1,1
51,train,2.1972245773362196,7.444248649496705,0.0,0.0,1,1,2,7,5.247024072160485,0.2857142857142857,1,1
52,train,6.244166900663736,7.600902459542082,3.332204510175204,0.0,1,0,0,6,1.3567355588783458,0.0,1,1
53,train,4.653960350157523,7.261225091971921,3.9889840465642745,0.0,0,0,0,13,2.607264741814398,0.0,1,1
54,train,4.430816798843313,7.607381425639791,0.0,0.0,1,1,2,12,3.1765646267964778,0.16666666666666666,1,1
55,train,4.248495242049359,7.226209010100671,2.302585092994046,0.0,1,1,1,7,2.977713768051312,0.14285714285714285,1,1
56,train,5.645446897643238,7.831220214604293,0.0,1.791759469228055,1,0,2,11,2.185773316961055,0.18181818181818182,0,1
57,train,3.912023005428146,7.824046010856292,3.1780538303479458,0.6931471805599453,1,0,4,17,3.912023005428146,0.23529411764705882,0,1
58,train,2.70805020110221,8.11969625295725,0.0,0.0,1,0,1,7,5.411646051855039,0.14285714285714285,1,1
59,train,3.912023005428146,8.002359546252707,0.0,0.0,0,0,0,8,4.090336540824561,0.0,1,1
60,train,3.044522437723423,8.173011311724972,0.0,0.0,0,0,1,11,5.128488874001549,0.09090909090909091,1,1
61,train,4.1588830833596715,7.7488913372555315,0.0,0.0,1,0,4,9,3.59000825389586,0.4444444444444444,1,1
62,test,1.791759469228055,6.872128101338986,0.0,0.6931471805599453,1,0,0,9,5.080368632110931,0.0,0,1
63,test,4.07753744390572,6.717804695023691,0.0,0.0,1,0,4,12,2.6402672511179714,0.3333333333333333,1,1
64,test,4.709530201312334,7.385851078125209,0.0,0.0,0,1,4,12,2.6763208768128752,0.3333333333333333,1,1
65,train,3.091042453358316,6.853299093186078,0.0,0.6931471805599453,1,0,1,10,3.762256639827762,0.1,0,1
66,train,2.772588722239781,6.492239835020471,0.0,0.6931471805599453,1,0,0,8,3.71965111278069,0.0,0,1
67,test,1.0986122886681096,6.630683385642372,0.0,0.0,1,0,3,13,5.532071096974262,0.23076923076923078,1,1
68,train,4.836281906951478,7.242082359256962,2.772588722239781,0.0,1,1,2,12,2.405800452305484,0.16666666666666666,1,1
69,test,2.70805020110221,8.034955024502159,0.0,0.6931471805599453,1,0,0,11,5.326904823399948,0.0,0,1
70,train,1.6094379124341003,6.784457062637643,0.0,0.0,1,0,1,7,5.175019150203543,0.14285714285714285,1,1
71,train,2.4849066497880004,7.549082710812286,3.6375861597263857,0.0,1,1,2,9,5.064176061024286,0.2222222222222222,1,1
72,test,8.073714641109857,7.555905093611346,0.0,0.0,0,0,5,15,-0.5178095474985112,0.3333333333333333,1,1
73,train,0.0,7.829630389150193,0.0,0.6931471805599453,1,1,0,13,7.829630389150193,0.0,0,1
74,train,4.8283137373023015,7.252762418053187,4.454347296253507,0.0,1,1,0,13,2.424448680750886,0.0,1,1
75,train,6.091309882077698,7.927685045615778,0.0,0.0,0,1,2,9,1.8363751635380803,0.2222222222222222,1,1
76,test,2.3978952727983707,7.478169694159785,0.0,0.0,0,0,4,14,5.080274421361414,0.2857142857142857,1,1
77,train,2.70805020110221,7.114769448366463,0.0,1.6094379124341003,0,1,0,14,4.4067192472642525,0.0,0,1
78,train,2.833213344056216,7.813591552952433,0.0,0.0,0,0,0,13,4.980378208896217,0.0,1,1
79,train,3.1354942159291497,7.888709524182015,0.0,0.0,0,1,2,9,4.753215308252865,0.2222222222222222,1,1
80,train,3.2188758248682006,7.825644732219989,0.0,0.6931471805599453,1,0,4,9,4.606768907351789,0.4444444444444444,0,1
81,train,3.4965075614664802,7.812782818577581,0.0,0.0,0,0,3,13,4.316275257111101,0.23076923076923078,1,1
82,train,4.634728988229636,5.808142489980444,0.0,0.0,0,0,1,7,1.173413501750808,0.14285714285714285,1,1
83,test,3.9889840465642745,6.431331081933479,1.6094379124341003,0.6931471805599453,1,1,0,8,2.4423470353692043,0.0,0,1
84,train,2.302585092994046,7.479299637782834,0.0,0.0,0,0,0,8,5.176714544788788,0.0,1,1
85,train,2.5649493574615367,7.749322464660356,0.0,0.0,0,0,3,10,5.1843731071988195,0.3,1,1
86,train,2.0794415416798357,7.6577552711348655,0.0,0.0,0,0,2,12,5.578313729455029,0.16666666666666666,1,1
87,train,3.970291913552122,7.8160138391590275,0.0,0.0,1,0,0,14,3.8457219256069055,0.0,1,1
88,train,2.70805020110221,7.4977617006225685,0.0,0.0,1,0,0,11,4.789711499520358,0.0,1,1
89,test,3.1354942159291497,7.193685818395112,0.0,0.0,1,0,3,10,4.058191602465962,0.3,1,1
90,train,1.6094379124341003,7.344072850573066,0.0,0.0,0,0,0,11,5.734634938138965,0.0,1,1
91,train,4.07753744390572,7.665284718471351,0.0,0.0,0,0,0,14,3.587747274565631,0.0,1,1
92,train,2.1972245773362196,7.620705086838262,0.0,0.0,1,0,4,11,5.423480509502042,0.36363636363636365,1,1
93,train,3.1354942159291497,8.295798110636145,0.0,0.0,0,0,0,8,5.1603038947069955,0.0,1,1
94,train,2.772588722239781,8.281470857895167,0.0,0.0,0,0,2,13,5.508882135655385,0.15384615384615385,1,1
95,train,3.295836866004329,8.131824785007195,0.0,0.0,0,0,2,8,4.835987919002866,0.25,1,1
96,train,3.4965075614664802,8.274357006756292,4.2626798770413155,0.0,1,0,2,11,4.777849445289812,0.18181818181818182,1,1
97,train,3.5553480614894135,8.876125585396185,0.0,0.0,0,0,1,10,5.320777523906772,0.1,1,1
98,train,3.8712010109078907,8.294049640102028,4.867534450455582,0.0,1,1,0,12,4.422848629194137,0.0,1,1
99,test,5.093750200806762,5.147494476813453,0.0,0.6931471805599453,0,1,0,15,0.053744276006690406,0.0,0,1
100,test,6.467698726104354,7.714677473800927,0.0,1.0986122886681096,1,0,1,11,1.2469787476965735,0.09090909090909091,0,1
101,train,4.997212273764115,7.778211474512493,0.0,0.0,1,0,2,10,2.7809992007483784,0.2,1,1
102,train,3.58351893845611,8.438582790834326,0.0,0.0,0,0,4,17,4.855063852378216,0.23529411764705882,1,1
103,train,2.4849066497880004,8.450625947144124,0.0,0.0,0,0,3,8,5.965719297356124,0.375,1,1
104,train,3.970291913552122,8.437067146936952,0.0,0.0,1,0,0,14,4.46677523338483,0.0,1,1
105,train,3.5263605246161616,8.543640361431086,0.0,1.0986122886681096,1,0,8,13,5.017279836814924,0.6153846153846154,0,1
106,train,3.4011973816621555,8.53817159780143,0.0,0.0,0,0,5,18,5.136974216139274,0.2777777777777778,1,1
107,train,1.9459101490553132,6.8690144506657065,0.0,0.0,1,0,5,8,4.923104301610393,0.625,1,1
108,train,4.174387269895637,5.25227342804663,4.2626798770413155,1.3862943611198906,1,0,0,16,1.077886158150993,0.0,0,1
109,train,2.9444389791664403,7.462789157412448,0.0,0.0,0,0,0,11,4.518350178246008,0.0,1,1
110,train,5.099866427824199,8.817001443665859,0.0,1.3862943611198906,1,0,0,10,3.7171350158416603,0.0,0,1
111,train,1.9459101490553132,5.204006687076795,0.0,0.6931471805599453,1,0,3,15,3.2580965380214817,0.2,0,1
112,test,2.8903717578961645,7.170119543449628,0.0,0.6931471805599453,1,0,0,18,4.279747785553464,0.0,0,1
113,train,2.833213344056216,5.58724865840025,0.0,0.0,0,0,2,14,2.7540353143440335,0.14285714285714285,1,1
114,train,5.0369526024136295,7.086737934510577,2.302585092994046,0.0,1,0,0,9,2.0497853320969472,0.0,1,1
115,train,3.6635616461296463,7.425953657077541,0.0,0.0,0,0,5,19,3.7623920109478943,0.2631578947368421,1,1
116,train,6.866933284461882,7.653494909661253,0.0,1.3862943611198906,1,0,0,8,0.7865616251993712,0.0,0,1
117,test,4.700480365792417,7.45182223652793,0.0,2.1972245773362196,1,1,5,11,2.751341870735513,0.45454545454545453,0,1
118,train,4.867534450455582,7.493873886783559,0.0,1.791759469228055,1,1,0,8,2.626339436327977,0.0,0,1
119,train,3.58351893845611,7.845416036592485,0.0,0.6931471805599453,1,0,0,21,4.261897098136375,0.0,0,1
120,train,1.9459101490553132,6.7650389767805414,0.0,1.0986122886681096,0,1,0,10,4.819128827725228,0.0,0,1
121,train,2.995732273553991,8.305731144875866,0.0,0.6931471805599453,1,0,5,19,5.309998871321875,0.2631578947368421,0,1
122,train,3.5553480614894135,6.844815479208263,4.709530201312334,1.3862943611198906,1,0,0,15,3.2894674177188494,0.0,0,1
123,train,6.20455776256869,8.256866848974312,0.0,0.6931471805599453,1,0,4,18,2.0523090864056215,0.2222222222222222,0,1
124,train,3.4339872044851463,6.846943139585379,3.2188758248682006,1.3862943611198906,1,0,0,10,3.412955935100233,0.0,0,1
125,test,3.295836866004329,7.239214973779806,4.454347296253507,1.3862943611198906,1,0,1,13,3.9433781077754766,0.07692307692307693,0,1
126,train,1.791759469228055,2.833213344056216,0.0,0.0,0,1,0,9,1.0414538748281612,0.0,1,1
127,train,5.081404364984463,7.717351272185329,0.0,0.6931471805599453,1,0,3,10,2.635946907200866,0.3,0,1
128,train,3.8918202981106265,5.19295685089021,0.0,1.6094379124341003,1,0,0,8,1.301136552779584,0.0,0,1
129,test,4.02535169073515,6.655440350367647,1.9459101490553132,0.6931471805599453,1,0,0,11,2.6300886596324977,0.0,0,1
130,train,2.4849066497880004,5.075173815233827,0.0,0.6931471805599453,0,0,3,14,2.5902671654458262,0.21428571428571427,0,1
131,train,5.225746673713202,7.564757012905729,4.31748811353631,1.3862943611198906,1,0,0,12,2.3390103391925274,0.0,0,1
132,test,2.4849066497880004,7.7226775164680035,0.0,1.3862943611198906,1,0,0,18,5.237770866680004,0.0,0,1
133,test,3.4011973816621555,7.527255919373784,2.995732273553991,0.6931471805599453,1,0,3,8,4.126058537711629,0.375,0,1
134,train,3.6888794541139363,6.1779441140506,2.70805020110221,1.0986122886681096,1,0,0,19,2.489064659936664,0.0,0,1
135,test,4.276666119016055,3.4657359027997265,4.060443010546419,1.3862943611198906,1,0,1,11,-0.8109302162163288,0.09090909090909091,0,1
136,train,1.3862943611198906,5.0238805208462765,0.0,0.0,0,1,0,16,3.6375861597263857,0.0,1,1
137,test,0.6931471805599453,7.4999765409521215,0.0,0.0,0,1,2,12,6.806829360392176,0.16666666666666666,1,1
138,test,1.3862943611198906,4.343805421853684,0.0,0.0,1,1,2,12,2.9575110607337933,0.16666666666666666,1,1
139,test,2.4849066497880004,4.343805421853684,0.0,0.0,0,0,2,13,1.8588987720656838,0.15384615384615385,1,1
140,train,0.6931471805599453,4.219507705176107,0.0,0.0,0,1,0,8,3.5263605246161616,0.0,1,1
141,test,3.4011973816621555,3.7376696182833684,0.0,0.0,0,1,0,9,0.33647223662121295,0.0,1,1
142,train,0.0,1.3862943611198906,0.0,0.0,0,0,3,10,1.3862943611198906,0.3,1,1
143,train,2.639057329615259,4.74493212836325,0.0,0.0,0,0,4,9,2.1058747987479913,0.4444444444444444,1,1
144,train,2.8903717578961645,5.214935757608986,0.0,0.0,0,1,1,10,2.3245639997128213,0.1,1,1
145,train,3.2188758248682006,6.546785410760524,0.0,0.0,0,1,0,9,3.3279095858923236,0.0,1,1
146,train,1.3862943611198906,5.062595033026967,0.0,0.0,0,1,4,9,3.676300671907076,0.4444444444444444,1,1
147,train,0.0,4.007333185232471,0.0,0.0,0,1,0,11,4.007333185232471,0.0,1,1
148,train,2.4849066497880004,5.84354441703136,3.2188758248682006,0.0,0,1,4,9,3.35863776724336,0.4444444444444444,1,1
149,train,0.6931471805599453,5.645446897643238,0.0,0.0,0,1,0,15,4.952299717083292,0.0,1,1
150,test,0.0,6.359573868672378,0.0,0.0,0,1,0,14,6.359573868672378,0.0,1,1
151,train,0.0,6.075346031088684,0.0,0.0,0,1,0,12,6.075346031088684,0.0,1,1
152,train,1.0986122886681096,4.060443010546419,0.0,0.0,0,0,2,10,2.9618307218783095,0.2,1,1
153,test,3.295836866004329,4.962844630259907,0.0,0.0,0,0,0,9,1.6670077642555778,0.0,1,1
154,train,3.912023005428146,4.718498871295094,0.0,0.0,0,1,5,10,0.8064758658669482,0.5,1,1
155,train,0.6931471805599453,4.852030263919617,0.0,0.0,1,1,0,10,4.1588830833596715,0.0,1,1
156,train,2.833213344056216,6.18826412308259,0.0,0.0,1,1,0,13,3.3550507790263735,0.0,1,1
157,train,3.258096538021482,5.777652323222656,0.0,0.0,1,0,0,8,2.5195557852011743,0.0,1,1
158,train,0.0,5.272999558563747,0.0,0.0,1,1,0,9,5.272999558563747,0.0,1,1
159,train,0.0,5.1647859739235145,2.70805020110221,0.0,1,1,1,9,5.1647859739235145,0.1111111111111111,1,1
160,test,0.0,6.263398262591624,0.0,0.0,1,1,0,6,6.263398262591624,0.0,1,1
161,train,1.791759469228055,6.133398042996649,0.0,0.6931471805599453,1,1,1,7,4.341638573768593,0.14285714285714285,0,1
162,train,0.0,6.625392368007956,0.0,2.302585092994046,1,1,0,13,6.625392368007956,0.0,0,1
163,train,0.0,4.948759890378168,0.0,0.0,1,1,2,7,4.948759890378168,0.2857142857142857,1,1
164,train,5.71042701737487,8.921857979353632,0.0,0.0,1,1,4,10,3.2114309619787624,0.4,1,1
165,train,5.910796644040527,8.84361509218395,0.0,1.0986122886681096,1,0,0,7,2.932818448143422,0.0,0,1
166,train,4.394449154672439,8.484669999710677,2.3978952727983707,1.791759469228055,1,0,0,8,4.090220845038238,0.0,0,1
167,test,3.367295829986474,8.41604600941128,0.0,0.6931471805599453,1,0,2,6,5.048750179424806,0.3333333333333333,0,1
168,train,5.4116460518550396,7.459338895220295,0.0,1.9459101490553132,1,0,2,9,2.0476928433652555,0.2222222222222222,0,1
169,train,4.948759890378168,7.007600613951853,0.0,1.3862943611198906,1,0,0,15,2.0588407235736845,0.0,0,1
170,train,4.454347296253507,7.2456550675945355,4.875197323201151,2.302585092994046,1,0,3,16,2.791307771341028,0.1875,0,1
171,train,3.4965075614664802,7.68937110752969,3.58351893845611,1.0986122886681096,1,0,2,18,4.19286354606321,0.1111111111111111,0,1
172,test,3.5553480614894135,8.211211361793023,3.6109179126442243,0.6931471805599453,1,0,0,9,4.65586330030361,0.0,0,1
173,train,2.70805020110221,7.795646536334594,0.0,0.6931471805599453,1,0,0,16,5.087596335232384,0.0,0,1
174,train,2.4849066497880004,6.9167150203536085,2.5649493574615367,0.6931471805599453,1,0,0,12,4.431808370565609,0.0,0,1
175,train,5.43372200355424,8.508555998020574,3.9318256327243257,0.6931471805599453,1,1,3,9,3.074833994466334,0.3333333333333333,0,1
176,train,4.897839799950911,4.983606621708336,0.0,1.6094379124341003,1,0,0,15,0.08576682175742523,0.0,0,1
177,train,6.0112671744041615,8.2409125416889,0.0,0.6931471805599453,1,0,3,9,2.2296453672847383,0.3333333333333333,0,1
178,test,4.174387269895637,5.886104031450156,0.0,1.9459101490553132,1,0,0,7,1.711716761554519,0.0,0,1
179,train,5.666426688112432,8.361007108226909,0.0,0.6931471805599453,1,0,5,9,2.6945804201144767,0.5555555555555556,0,1
180,train,5.730099782973575,8.494538500851432,1.3862943611198906,1.3862943611198906,1,0,0,22,2.764438717877857,0.0,0,1
181,train,4.48863636973214,5.58724865840025,0.0,0.6931471805599453,1,0,0,9,1.09861228866811,0.0,0,1
182,train,4.983606621708336,7.73718007783463,0.0,0.6931471805599453,0,0,7,15,2.7535734561262935,0.4666666666666667,0,1
183,train,3.5553480614894135,5.393627546352361,0.0,1.0986122886681096,0,0,0,20,1.8382794848629476,0.0,0,1
184,train,5.111987788356544,6.428105272684596,0.0,0.0,1,0,0,8,1.3161174843280525,0.0,1,1
185,train,5.111987788356544,6.6240652277998935,0.0,0.0,0,1,3,8,1.5120774394433498,0.375,1,1
186,train,5.0238805208462765,7.588829878307813,0.0,0.0,0,1,4,9,2.5649493574615363,0.4444444444444444,1,1
187,train,2.5649493574615367,3.258096538021482,0.0,0.0,0,0,0,9,0.6931471805599454,0.0,1,1
188,train,7.199678345691172,8.121183242078828,0.0,0.0,0,1,0,10,0.9215048963876562,0.0,1,1
189,train,5.996452088619021,8.241966560231802,0.0,0.0,0,0,3,10,2.245514471612781,0.3,1,1
190,train,5.43372200355424,7.484368643286131,0.0,0.0,0,0,10,11,2.050646639731891,0.9090909090909091,1,1
191,train,7.028201432058005,8.231908243564177,0.0,1.3862943611198906,1,1,6,9,1.2037068115061729,0.6666666666666666,0,1
192,train,0.0,0.0,0.0,0.0,0,0,4,10,0.0,0.4,1,1
193,train,0.6931471805599453,0.0,4.51085950651685,2.302585092994046,1,0,1,19,-0.6931471805599453,0.05263157894736842,0,1
194,train,0.6931471805599453,0.6931471805599453,4.0943445622221,2.0794415416798357,1,0,4,15,0.0,0.26666666666666666,0,1
195,train,0.0,3.258096538021482,4.9344739331306915,1.9459101490553132,1,0,0,10,3.258096538021482,0.0,0,1
196,train,0.0,0.0,3.970291913552122,1.9459101490553132,1,0,3,7,0.0,0.42857142857142855,0,1
197,train,0.0,0.6931471805599453,4.532599493153256,2.302585092994046,1,0,1,15,0.6931471805599453,0.06666666666666667,0,1
198,train,0.6931471805599453,0.0,4.110873864173311,1.791759469228055,1,0,1,13,-0.6931471805599453,0.07692307692307693,0,1
199,train,0.0,0.0,4.6913478822291435,1.9459101490553132,1,0,2,10,0.0,0.2,0,1
200,train,5.556828061699537,5.476463551931511,0.0,0.0,1,0,0,10,-0.08036450976802634,0.0,1,0
201,test,5.575949103146316,6.180016653652572,3.4339872044851463,3.4011973816621555,1,1,0,8,0.6040675505062563,0.0,0,0
202,train,3.9512437185814275,4.3694478524670215,2.302585092994046,0.0,1,1,0,10,0.41820413388559396,0.0,1,0
203,train,5.697093486505405,6.175867270105761,3.1354942159291497,3.258096538021482,1,1,2,9,0.4787737836003565,0.2222222222222222,0,0
204,test,4.736198448394496,5.493061443340548,0.0,4.564348191467836,1,1,0,10,0.7568629949460526,0.0,0,0
205,train,6.302618975744905,6.903747257584598,3.295836866004329,5.831882477283517,1,1,0,8,0.601128281839693,0.0,0,0
206,train,3.970291913552122,4.804021044733257,0.0,3.4339872044851463,1,1,0,9,0.8337291311811348,0.0,0,0
207,train,6.946013991099227,8.801017833540714,0.0,5.056245805348308,1,0,0,12,1.8550038424414863,0.0,0,0
208,train,5.153291594497779,5.429345628954441,3.9512437185814275,2.3978952727983707,1,0,0,10,0.27605403445666177,0.0,0,0
209,train,4.624972813284271,4.74493212836325,2.70805020110221,1.6094379124341003,1,1,0,15,0.1199593150789795,0.0,0,0
210,train,5.5254529391317835,5.5134287461649825,3.4657359027997265,1.6094379124341003,1,0,0,7,-0.012024192966801017,0.0,0,0
211,train,6.025865973825314,6.519147287940395,0.0,3.6635616461296463,1,1,0,15,0.49328131411508114,0.0,0,0
212,train,5.153291594497779,5.236441962829949,0.6931471805599453,2.0794415416798357,1,1,0,10,0.08315036833216993,0.0,0,0
213,test,5.823045895483019,6.1224928095143865,0.0,1.0986122886681096,1,1,0,14,0.2994469140313676,0.0,0,0
214,test,4.74493212836325,5.049856007249537,3.4011973816621555,2.1972245773362196,1,1,2,12,0.3049238788862869,0.16666666666666666,0,0
215,train,5.1647859739235145,5.111987788356544,0.0,4.343805421853684,1,1,1,9,-0.0527981855669708,0.1111111111111111,0,0
216,train,5.921578419643816,5.8944028342648505,3.6109179126442243,2.639057329615259,1,1,0,7,-0.027175585378965472,0.0,0,0
217,train,5.82600010738045,5.802118375377063,3.7376696182833684,2.8903717578961645,1,0,0,12,-0.023881732003387057,0.0,0,0
218,train,7.699842407396986,6.386879319362645,3.8712010109078907,5.293304824724492,1,0,0,15,-1.3129630880343406,0.0,0,0
219,train,6.1092475827643655,6.018593214496234,2.995732273553991,2.995732273553991,1,1,0,8,-0.09065436826813134,0.0,0,0
220,test,6.38856140554563,6.761572768804055,4.663439094112067,5.6240175061873385,1,1,0,9,0.3730113632584251,0.0,0,0
221,test,6.522092798170152,6.639875833826536,3.1780538303479458,3.6888794541139363,1,1,0,11,0.11778303565638382,0.0,0,0
222,train,6.345636360828596,6.29156913955832,3.7376696182833684,4.564348191467836,1,1,0,11,-0.054067221270275745,0.0,0,0
223,train,6.293419278846481,6.298949246855942,0.0,4.304065093204169,1,1,0,12,0.00552996800946115,0.0,0,0
224,train,6.091309882077698,5.910796644040527,3.258096538021482,3.4339872044851463,1,1,0,8,-0.1805132380371708,0.0,0,0
225,train,6.3473892096560105,6.1224928095143865,3.6375861597263857,4.795790545596741,1,1,0,10,-0.22489640014162404,0.0,0,0
226,train,5.910796644040527,7.016609683894219,2.833213344056216,4.248495242049359,1,0,0,8,1.1058130398536923,0.0,0,0
227,test,6.453624998892692,6.47543271670409,4.0943445622221,3.091042453358316,1,0,0,9,0.021807717811398675,0.0,0,0
228,train,6.5337888379333435,6.29156913955832,2.9444389791664403,4.3694478524670215,1,0,0,9,-0.2422196983750231,0.0,0,0
229,train,6.363028103540465,6.025865973825314,3.6109179126442243,5.402677381872279,1,0,0,11,-0.3371621297151508,0.0,0,0
230,train,6.6240652277998935,6.588926477533519,0.0,5.746203190540153,1,1,0,12,-0.03513875026637425,0.0,0,0
231,train,6.759255270663693,6.532334292222349,0.0,5.780743515792329,1,0,0,9,-0.22692097844134373,0.0,0,0
232,test,6.284134161070802,5.910796644040527,4.812184355372417,3.912023005428146,1,1,0,18,-0.37333751703027485,0.0,0,0
233,train,7.5352967024440884,7.499423290592229,3.6888794541139363,5.926926025970411,1,1,0,11,-0.03587341185185977,0.0,0,0
234,test,5.552959584921617,5.0106352940962555,3.5263605246161616,3.6888794541139363,1,0,0,7,-0.5423242908253618,0.0,0,0
235,test,8.052296499538647,6.208590026096629,4.1588830833596715,6.694562058521095,1,1,0,5,-1.843706473442018,0.0,0,0
236,train,6.198478716492308,6.61472560020376,0.0,5.924255797414532,1,1,3,16,0.4162468837114526,0.1875,0,0
237,train,6.075346031088684,6.270988431858299,3.1780538303479458,4.543294782270004,1,1,0,9,0.19564240076961514,0.0,0,0
238,train,6.97914527506881,6.731018100482083,0.0,3.912023005428146,1,1,0,14,-0.2481271745867275,0.0,0,0
239,train,7.334981878871814,7.266827347520591,4.060443010546419,5.749392985908253,1,1,0,11,-0.06815453135122329,0.0,0,0
240,test,6.6039438246004725,6.775366090936392,4.477336814478207,3.9889840465642745,1,0,0,10,0.17142226633591928,0.0,0,0
241,train,5.817111159963204,5.869296913133774,3.295836866004329,1.0986122886681096,1,1,0,14,0.05218575317057006,0.0,0,0
242,train,5.991464547107982,5.8998973535824915,3.8712010109078907,2.302585092994046,1,1,0,16,-0.09156719352549025,0.0,0,0
243,train,5.739792912179234,5.802118375377063,0.0,0.0,1,1,1,5,0.062325463197828945,0.2,1,0
244,train,5.973809611869261,5.940171252720432,3.091042453358316,2.1972245773362196,1,0,0,13,-0.03363835914882962,0.0,0,0
245,train,5.099866427824199,5.231108616854587,0.0,0.0,1,1,0,8,0.1312421890303881,0.0,1,0
246,train,6.466144724237619,6.56244409369372,2.1972245773362196,2.3978952727983707,1,1,0,12,0.09629936945610051,0.0,0,0
247,test,6.38856140554563,6.68586094706836,3.367295829986474,3.091042453358316,1,1,0,12,0.2972995415227295,0.0,0,0
248,train,5.69035945432406,5.713732805509369,2.4849066497880004,1.0986122886681096,1,1,0,11,0.0233733511853087,0.0,0,0
249,train,5.934894195619588,6.29156913955832,4.343805421853684,3.713572066704308,1,0,0,11,0.35667494393873245,0.0,0,0
250,train,5.846438775057724,5.976350909297934,0.0,1.0986122886681096,1,1,0,8,0.1299121342402101,0.0,0,0
251,train,6.504288173536645,6.493753839851687,0.0,3.044522437723423,1,1,0,7,-0.010534333684958597,0.0,0,0
252,test,5.8522024797744745,6.415096959171596,3.8066624897703196,2.70805020110221,1,1,2,14,0.5628944793971211,0.14285714285714285,0,0
253,train,5.831882477283517,5.937536205082426,3.332204510175204,2.302585092994046,1,1,0,12,0.10565372779890936,0.0,0,0
254,train,7.036148493750536,6.884486652042782,4.709530201312334,5.241747015059643,1,1,0,10,-0.15166184170775399,0.0,0,0
255,train,5.332718793265369,5.308267697401205,2.3978952727983707,2.833213344056216,1,1,0,9,-0.02445109586416372,0.0,0,0
256,train,6.773080375655535,6.81783057145415,4.204692619390966,3.970291913552122,1,1,1,15,0.04475019579861428,0.06666666666666667,0,0
257,train,5.66988092298052,5.41610040220442,4.0943445622221,2.3978952727983707,1,1,0,16,-0.25378052077609947,0.0,0,0
258,test,6.236369590203704,6.38856140554563,0.0,3.258096538021482,1,1,0,11,0.15219181534192572,0.0,0,0
259,train,6.690842277418564,6.47543271670409,1.0986122886681096,3.4011973816621555,1,1,0,13,-0.21540956071447326,0.0,0,0
260,train,6.297109319933935,6.2766434893416445,3.7376696182833684,4.3694478524670215,1,1,0,14,-0.02046583059229068,0.0,0,0
261,train,6.248042874508429,6.320768294250582,4.060443010546419,3.6888794541139363,1,1,0,12,0.07272541974215319,0.0,0,0
262,test,6.159095388491933,6.068425588244111,3.4965075614664802,4.0943445622221,1,1,0,9,-0.0906698002478219,0.0,0,0
263,train,4.9344739331306915,4.8283137373023015,2.3978952727983707,1.0986122886681096,1,1,0,13,-0.10616019582838998,0.0,0,0
264,test,5.308267697401205,5.762051382780177,4.382026634673881,2.70805020110221,1,1,0,8,0.45378368537897185,0.0,0,0
265,train,5.459585514144159,5.493061443340548,1.6094379124341003,2.4849066497880004,1,1,0,11,0.03347592919638931,0.0,0,0
266,train,5.713732805509369,5.726847747587197,3.332204510175204,3.6375861597263857,1,1,0,11,0.01311494207782804,0.0,0,0
267,train,6.375024819828097,6.659293919683638,0.0,4.48863636973214,1,0,0,9,0.28426909985554083,0.0,0,0
268,train,5.564520407322694,6.018593214496234,0.0,1.3862943611198906,1,1,0,7,0.4540728071735405,0.0,0,0
269,train,5.934894195619588,6.2324480165505225,0.0,3.258096538021482,1,1,0,10,0.2975538209309345,0.0,0,0
270,train,6.331501849893691,6.2324480165505225,3.828641396489095,4.74493212836325,1,0,0,9,-0.09905383334316831,0.0,0,0
271,test,6.580639137284949,6.467698726104354,2.833213344056216,4.543294782270004,1,1,0,13,-0.11294041118059539,0.0,0,0
272,train,6.030685260261263,6.0330862217988015,4.219507705176107,3.828641396489095,1,1,0,9,0.0024009615375382154,0.0,0,0
273,train,5.5134287461649825,5.66988092298052,3.58351893845611,4.2626798770413155,1,1,0,14,0.15645217681553714,0.0,0,0
274,train,5.7745515455444085,5.971261839790462,0.0,0.6931471805599453,1,1,0,12,0.19671029424605369,0.0,0,0
275,train,6.742880635791903,6.481577129276431,1.9459101490553132,4.430816798843313,1,0,0,7,-0.2613035065154721,0.0,0,0
276,train,5.746203190540153,5.780743515792329,3.1354942159291497,2.5649493574615367,1,1,0,7,0.034540325252176096,0.0,0,0
277,train,6.284134161070802,6.056784013228625,2.639057329615259,4.110873864173311,1,0,0,12,-0.2273501478421771,0.0,0,0
278,train,5.780743515792329,5.7899601708972535,3.367295829986474,2.1972245773362196,1,1,0,9,0.00921665510492442,0.0,0,0
279,train,6.257667587882639,7.1569563646156364,0.0,5.056245805348308,1,1,0,13,0.8992887767329973,0.0,0,0
280,test,5.556828061699537,5.659482215759621,3.2188758248682006,1.791759469228055,1,1,0,9,0.10265415406008405,0.0,0,0
281,train,5.726847747587197,5.799092654460526,4.859812404361672,2.4849066497880004,1,1,0,9,0.07224490687332885,0.0,0,0
282,train,5.54907608489522,5.730099782973575,1.9459101490553132,2.5649493574615367,1,1,0,11,0.18102369807835483,0.0,0,0
283,train,5.849324779946859,5.717027701406222,2.70805020110221,2.833213344056216,1,0,0,11,-0.13229707854063744,0.0,0,0
284,train,5.707110264748875,5.5909869805108565,2.772588722239781,3.1354942159291497,1,0,0,10,-0.11612328423801888,0.0,0,0
285,test,5.442417710521793,5.442417710521793,2.1972245773362196,1.0986122886681096,1,1,0,12,0.0,0.0,0,0
286,train,6.248042874508429,6.289715570908998,2.3978952727983707,3.044522437723423,1,1,0,14,0.041672696400568476,0.0,0,0
287,test,5.552959584921617,5.541263545158426,4.343805421853684,3.295836866004329,1,1,0,7,-0.011696039763191557,0.0,0,0
288,train,5.814130531825066,6.021023349349527,3.713572066704308,3.091042453358316,1,0,0,16,0.20689281752446043,0.0,0,0
289,train,5.278114659230518,5.983936280687191,3.332204510175204,3.4657359027997265,1,1,0,14,0.705821621456673,0.0,0,0
290,train,6.608000625296087,6.846943139585379,3.9889840465642745,6.182084906716632,1,1,0,9,0.2389425142892927,0.0,0,0
291,test,5.831882477283517,5.840641657373398,0.0,2.1972245773362196,1,1,0,11,0.008759180089881191,0.0,0,0
292,train,6.003887067106539,6.135564891081739,0.0,0.6931471805599453,1,0,0,15,0.1316778239751999,0.0,0,0
293,train,5.288267030694535,5.771441123130016,0.0,2.302585092994046,1,1,0,10,0.4831740924354806,0.0,0,0
294,train,6.163314804034641,6.018593214496234,4.31748811353631,3.5263605246161616,1,1,0,14,-0.14472158953840708,0.0,0,0
295,test,5.365976015021851,5.0369526024136295,2.995732273553991,5.3471075307174685,1,1,0,8,-0.32902341260822165,0.0,0,0
296,train,6.842683282238422,6.561030665896573,3.58351893845611,4.127134385045092,1,1,1,16,-0.2816526163418489,0.0625,0,0
297,train,5.337538079701318,5.2832037287379885,0.0,2.0794415416798357,1,1,0,11,-0.05433435096332939,0.0,0,0
298,test,4.356708826689592,4.532599493153256,0.0,0.0,1,1,0,10,0.17589066646366458,0.0,1,0
299,test,6.118097198041348,6.270988431858299,3.2188758248682006,4.330733340286331,1,1,0,15,0.15289123381695102,0.0,0,0
300,train,5.683579767338681,5.8289456176102075,2.5649493574615367,4.532599493153256,1,1,0,10,0.14536585027152604,0.0,0,0
301,train,6.161207321695077,6.210600077024653,2.1972245773362196,2.833213344056216,1,1,0,12,0.04939275532957588,0.0,0,0
302,test,5.940171252720432,6.07993319509559,2.0794415416798357,4.04305126783455,1,1,0,12,0.13976194237515838,0.0,0,0
303,train,6.466144724237619,6.655440350367647,4.454347296253507,5.4680601411351315,1,1,4,15,0.18929562613002826,0.26666666666666666,0,0
304,train,5.860786223465865,5.976350909297934,3.295836866004329,2.995732273553991,1,1,0,8,0.11556468583206847,0.0,0,0
305,test,5.123963979403259,5.220355825078325,3.5263605246161616,2.3978952727983707,1,1,2,10,0.09639184567506653,0.2,0,0
306,test,5.71042701737487,6.09807428216624,4.406719247264253,4.110873864173311,1,1,0,6,0.38764726479137046,0.0,0,0
307,train,6.285998094508865,6.22455842927536,4.31748811353631,4.90527477843843,1,1,0,15,-0.06143966523350475,0.0,0,0
308,train,5.926926025970411,5.7430031878094825,0.0,3.1780538303479458,1,1,0,10,-0.18392283816092814,0.0,0,0
309,train,5.83773044716594,5.840641657373398,3.9318256327243257,4.04305126783455,1,1,2,6,0.0029112102074577706,0.3333333333333333,0,0
310,train,6.513230110912307,6.376726947898627,3.7376696182833684,2.4849066497880004,1,1,0,11,-0.13650316301368015,0.0,0,0
311,train,6.056784013228625,6.18826412308259,4.110873864173311,4.709530201312334,1,0,0,12,0.13148010985396485,0.0,0,0
312,train,6.386879319362645,6.828712071641684,2.639057329615259,3.5553480614894135,1,1,0,9,0.44183275227903884,0.0,0,0
313,train,5.749392985908253,5.638354669333745,0.0,2.639057329615259,1,0,0,15,-0.11103831657450769,0.0,0,0
314,train,5.680172609017068,6.104793232414985,0.0,3.8712010109078907,1,1,0,10,0.4246206233979173,0.0,0,0
315,train,4.564348191467836,4.672828834461906,0.0,0.0,1,1,0,7,0.10848064299406968,0.0,1,0
316,train,5.231108616854587,5.384495062789089,2.70805020110221,1.791759469228055,1,0,0,12,0.153386445934502,0.0,0,0
317,train,5.62040086571715,6.401917196727186,3.784189633918261,3.258096538021482,1,1,0,8,0.7815163310100361,0.0,0,0
318,train,4.574710978503383,5.1647859739235145,0.0,0.6931471805599453,0,1,0,15,0.5900749954201316,0.0,0,0
319,train,5.777652323222656,7.311218384419629,0.0,3.9889840465642745,0,1,4,10,1.5335660611969724,0.4,0,0
320,train,5.918893854273146,5.932245187448011,0.0,1.3862943611198906,1,1,0,6,0.013351333174864699,0.0,0,0
321,test,5.0369526024136295,5.198497031265826,2.8903717578961645,1.9459101490553132,1,1,0,11,0.16154442885219655,0.0,0,0
322,train,6.373319789577012,6.3578422665081,0.0,3.784189633918261,1,1,0,12,-0.015477523068912369,0.0,0,0
323,train,6.18826412308259,6.361302477572996,0.0,1.3862943611198906,1,0,4,17,0.17303835449040594,0.23529411764705882,0,0
324,train,5.998936561946683,6.263398262591624,1.3862943611198906,4.382026634673881,1,1,0,8,0.264461700644941,0.0,0,0
325,train,6.269096283706261,6.269096283706261,3.258096538021482,2.3978952727983707,1,1,4,10,0.0,0.4,0,0
326,train,5.472270673671475,5.648974238161206,0.0,0.0,1,1,0,10,0.17670356448973124,0.0,1,0
327,train,5.7745515455444085,5.802118375377063,3.4965075614664802,2.1972245773362196,1,1,0,6,0.02756682983265435,0.0,0,0
328,test,5.616771097666572,5.5909869805108565,2.995732273553991,1.3862943611198906,1,1,0,10,-0.02578411715571516,0.0,0,0
329,train,5.572154032177765,6.259581464064923,0.0,2.4849066497880004,1,0,2,11,0.6874274318871585,0.18181818181818182,0,0
330,test,4.700480365792417,4.7535901911063645,0.0,0.0,1,1,0,18,0.05310982531394792,0.0,1,0
331,train,6.054439346269371,6.169610732491456,1.6094379124341003,4.927253685157205,1,1,0,11,0.11517138622208556,0.0,0,0
332,train,3.6109179126442243,5.755742213586912,2.3978952727983707,0.0,1,0,0,11,2.144824300942688,0.0,1,0
333,train,7.095893221097532,6.870053411798126,0.0,4.955827057601261,1,1,0,11,-0.22583980929940584,0.0,0,0
334,test,5.056245805348308,5.298317366548036,3.7612001156935624,1.0986122886681096,1,0,0,11,0.2420715611997286,0.0,0,0
335,train,5.652489180268651,5.891644211825771,3.828641396489095,3.7376696182833684,1,1,0,19,0.2391550315571198,0.0,0,0
336,train,5.420534999272286,6.102558594613569,0.0,3.9889840465642745,1,0,0,11,0.682023595341283,0.0,0,0
337,train,5.849324779946859,5.968707559985366,2.70805020110221,2.1972245773362196,1,1,0,9,0.11938278003850655,0.0,0,0
338,test,5.8289456176102075,5.937536205082426,4.127134385045092,0.6931471805599453,1,1,0,15,0.10859058747221884,0.0,0,0
339,train,6.634633357861686,6.359573868672378,3.044522437723423,2.772588722239781,1,0,0,9,-0.27505948918930834,0.0,0,0
340,train,5.389071729816501,5.402677381872279,2.3978952727983707,2.1972245773362196,1,1,0,15,0.01360565205577835,0.0,0,0
341,train,5.768320995793772,5.796057750765372,3.1780538303479458,1.9459101490553132,1,1,0,11,0.027736754971599886,0.0,0,0
342,train,6.230481447578482,6.202535517187923,4.0943445622221,3.258096538021482,1,1,0,12,-0.02794593039055915,0.0,0,0
343,train,6.333279628139691,6.539585955617669,2.9444389791664403,3.091042453358316,1,1,0,12,0.2063063274779786,0.0,0,0
344,train,6.263398262591624,6.236369590203704,0.0,2.9444389791664403,1,1,0,9,-0.027028672387919173,0.0,0,0
345,train,5.53338948872752,6.363028103540465,0.0,0.0,1,1,0,14,0.8296386148129447,0.0,1,0
346,train,5.204006687076795,5.298317366548036,0.0,1.3862943611198906,0,1,1,21,0.09431067947124117,0.047619047619047616,0,0
347,train,5.209486152841421,5.241747015059643,2.995732273553991,3.2188758248682006,1,1,0,7,0.03226086221822122,0.0,0,0
348,train,6.656726524178391,6.368187186350492,3.1354942159291497,3.4011973816621555,1,0,0,13,-0.2885393378278991,0.0,0,0
349,train,5.552959584921617,5.641907070938114,2.8903717578961645,2.4849066497880004,1,1,0,8,0.08894748601649649,0.0,0,0
350,train,4.700480365792417,4.653960350157523,3.1354942159291497,3.044522437723423,1,0,0,13,-0.0465200156348935,0.0,0,0
351,train,4.852030263919617,4.962844630259907,0.0,1.9459101490553132,1,1,0,13,0.11081436634029007,0.0,0,0
352,train,6.416732282512326,6.023447592961033,4.941642422609304,2.5649493574615367,1,1,0,13,-0.3932846895512929,0.0,0,0
353,train,4.919980925828125,5.902633333401366,0.0,2.995732273553991,1,1,0,14,0.9826524075732408,0.0,0,0
354,train,5.579729825986222,5.583496308781699,3.5553480614894135,1.6094379124341003,1,1,0,10,0.0037664827954770885,0.0,0,0
355,train,6.104793232414985,5.961005339623274,2.5649493574615367,3.4657359027997265,1,1,0,12,-0.14378789279171134,0.0,0,0
356,test,5.420534999272286,5.54907608489522,0.0,0.6931471805599453,1,1,0,10,0.12854108562293387,0.0,0,0
357,train,5.631211781821365,6.511745329644728,3.258096538021482,3.091042453358316,1,1,0,15,0.8805335478233625,0.0,0,0
358,train,5.030437921392435,5.402677381872279,0.0,4.770684624465665,1,0,0,11,0.372239460479844,0.0,0,0
359,test,6.424869023905388,6.577861357721047,0.0,3.58351893845611,1,1,0,12,0.1529923338156589,0.0,0,0
360,test,5.8805329864007,5.91350300563827,4.189654742026425,1.9459101490553132,1,1,0,11,0.03297001923756948,0.0,0,0
361,test,3.6635616461296463,5.0689042022202315,0.0,0.6931471805599453,0,1,0,14,1.4053425560905852,0.0,0,0
362,train,5.298317366548036,5.288267030694535,4.31748811353631,1.9459101490553132,1,0,0,10,-0.010050335853501124,0.0,0,0
363,train,6.115892125483034,5.955837369464831,3.912023005428146,5.153291594497779,1,0,0,6,-0.1600547560182033,0.0,0,0
364,train,5.583496308781699,5.746203190540153,4.543294782270004,3.9889840465642745,1,1,0,9,0.16270688175845383,0.0,0,0
365,train,6.186208623900494,6.236369590203704,4.7535901911063645,3.2188758248682006,1,1,0,13,0.05016096630321076,0.0,0,0
366,test,5.5134287461649825,5.4680601411351315,0.6931471805599453,2.5649493574615367,1,1,0,12,-0.04536860502985096,0.0,0,0
367,train,6.546785410760524,6.646390514847729,3.4339872044851463,2.4849066497880004,1,0,3,16,0.09960510408720502,0.1875,0,0
368,train,5.83773044716594,5.659482215759621,3.58351893845611,2.9444389791664403,1,1,0,13,-0.17824823140631896,0.0,0,0
369,train,5.247024072160486,5.60947179518496,0.0,2.1972245773362196,1,1,0,12,0.3624477230244736,0.0,0,0
370,test,6.1903154058531475,6.670766320845874,3.8066624897703196,3.784189633918261,1,1,0,8,0.4804509149927263,0.0,0,0
371,train,4.23410650459726,4.330733340286331,0.0,2.8903717578961645,1,0,0,15,0.09662683568907138,0.0,0,0
372,train,5.872117789475416,5.8971538676367405,2.3978952727983707,3.713572066704308,1,0,0,11,0.025036078161324582,0.0,0,0
373,train,5.814130531825066,6.214608098422191,3.5553480614894135,3.4339872044851463,1,1,0,12,0.4004775665971252,0.0,0,0
374,train,5.720311776607412,5.7745515455444085,3.4965075614664802,3.1780538303479458,1,1,0,11,0.05423976893699667,0.0,0,0
375,train,5.424950017481403,5.517452896464707,3.7612001156935624,2.995732273553991,1,0,0,6,0.09250287898330445,0.0,0,0
376,train,5.583496308781699,5.768320995793772,3.091042453358316,4.07753744390572,1,1,0,11,0.18482468701207289,0.0,0,0
377,train,6.269096283706261,6.212606095751519,3.713572066704308,3.7612001156935624,1,1,1,11,-0.05649018795474259,0.09090909090909091,0,0
378,train,5.793013608384144,6.263398262591624,0.0,3.2188758248682006,1,1,0,13,0.47038465420747944,0.0,0,0
379,train,5.159055299214529,5.278114659230518,1.6094379124341003,0.0,1,1,0,14,0.1190593600159886,0.0,1,0
380,train,5.541263545158426,6.811244378601294,0.0,3.5553480614894135,1,1,0,13,1.269980833442868,0.0,0,0
381,train,5.455321115357702,5.638354669333745,0.0,3.1780538303479458,1,0,0,7,0.1830335539760437,0.0,0,0
382,train,5.351858133476067,5.3981627015177525,0.0,0.6931471805599453,1,1,0,10,0.04630456804168581,0.0,0,0
383,train,6.480044561926653,6.583409222158765,3.9512437185814275,4.919980925828125,1,1,0,12,0.10336466023211166,0.0,0,0
384,train,5.472270673671475,5.521460917862246,0.0,3.6109179126442243,1,1,0,11,0.049190244190771004,0.0,0,0
385,train,5.3230099791384085,6.100318952020064,4.77912349311153,4.532599493153256,1,1,0,8,0.7773089728816558,0.0,0,0
386,train,5.594711379601839,5.963579343618446,0.0,1.3862943611198906,1,1,0,8,0.3688679640166068,0.0,0,0
387,test,5.683579767338681,6.0844994130751715,3.8501476017100584,3.828641396489095,1,1,0,6,0.4009196457364901,0.0,0,0
388,train,5.846438775057724,5.808142489980444,2.995732273553991,5.123963979403259,1,1,0,14,-0.03829628507727989,0.0,0,0
389,test,7.453561871643373,7.2909747781429814,4.912654885736052,5.5053315359323625,1,1,0,17,-0.1625870935003917,0.0,0,0
390,train,5.7430031878094825,5.863631175598097,0.0,4.1588830833596715,1,0,0,11,0.12062798778861428,0.0,0,0
391,test,5.41610040220442,5.733341276897746,3.1780538303479458,4.0943445622221,1,1,0,16,0.31724087469332574,0.0,0,0
392,train,5.5053315359323625,5.981414211254481,0.0,2.3978952727983707,1,1,0,8,0.4760826753221181,0.0,0,0
393,train,6.368187186350492,6.720220155135295,0.0,3.784189633918261,1,1,0,16,0.35203296878480295,0.0,0,0
394,train,6.104793232414985,6.35088571671474,4.430816798843313,4.795790545596741,1,1,0,15,0.24609248429975494,0.0,0,0
395,train,5.111987788356544,5.327876168789581,1.9459101490553132,0.0,1,0,0,8,0.2158883804330376,0.0,1,0
396,train,5.236441962829949,5.337538079701318,2.302585092994046,2.833213344056216,1,1,0,9,0.10109611687136866,0.0,0,0
397,train,5.814130531825066,5.459585514144159,0.0,2.833213344056216,1,1,0,12,-0.3545450176809073,0.0,0,0
398,train,6.419994928147142,6.320768294250582,3.332204510175204,4.804021044733257,1,1,0,11,-0.09922663389655995,0.0,0,0
399,train,5.631211781821365,5.583496308781699,0.0,5.049856007249537,1,0,0,9,-0.04771547303966628,0.0,0,0
400,test,5.627621113690637,5.170483995038151,0.0,4.189654742026425,1,0,0,9,-0.4571371186524855,0.0,0,0
401,test,4.68213122712422,5.564520407322694,0.0,0.0,1,1,0,13,0.8823891801984738,0.0,1,0
402,train,6.601230118728877,6.501289670540389,3.8066624897703196,2.995732273553991,1,1,0,11,-0.09994044818848735,0.0,0,0
403,train,5.493061443340548,5.703782474656201,3.6888794541139363,3.1780538303479458,1,1,0,11,0.21072103131565267,0.0,0,0
404,train,5.3471075307174685,5.37989735354046,2.995732273553991,2.70805020110221,1,1,0,13,0.032789822822991255,0.0,0,0
405,test,5.537334267018537,5.717027701406222,0.0,2.0794415416798357,1,1,0,9,0.17969343438768526,0.0,0,0
406,test,5.723585101952381,5.777652323222656,1.6094379124341003,3.912023005428146,1,0,0,13,0.054067221270275745,0.0,0,0
407,train,4.663439094112067,5.123963979403259,0.0,0.0,1,1,0,7,0.46052488529119184,0.0,1,0
408,train,5.918893854273146,5.8805329864007,4.3694478524670215,2.995732273553991,1,1,0,12,-0.03836086787244586,0.0,0,0
409,train,5.937536205082426,6.0473721790462776,3.091042453358316,3.4657359027997265,1,1,0,12,0.10983597396385125,0.0,0,0
410,train,5.953243334287785,5.393627546352361,3.9512437185814275,2.4849066497880004,1,1,0,12,-0.5596157879354235,0.0,0,0
411,train,6.744059186311348,6.866933284461882,0.0,5.420534999272286,1,0,0,8,0.1228740981505343,0.0,0,0
412,train,4.969813299576001,5.455321115357702,0.0,0.6931471805599453,1,1,0,13,0.485507815781701,0.0,0,0
413,train,5.814130531825066,6.769641976852503,0.0,3.367295829986474,1,1,0,13,0.9555114450274367,0.0,0,0
414,test,6.3818160174060985,6.687108607866515,3.784189633918261,4.343805421853684,1,0,2,13,0.30529259046041624,0.15384615384615385,0,0
415,train,5.616771097666572,6.0014148779611505,3.4339872044851463,4.812184355372417,1,1,0,10,0.3846437802945788,0.0,0,0
416,test,5.19295685089021,5.8522024797744745,0.0,3.258096538021482,1,0,2,5,0.6592456288842641,0.4,0,0
417,test,4.762173934797756,5.236441962829949,0.0,0.0,1,1,0,12,0.4742680280321929,0.0,1,0
418,train,5.4638318050256105,5.231108616854587,3.4339872044851463,2.302585092994046,1,1,0,16,-0.23272318817102366,0.0,0,0
419,train,5.407171771460119,5.517452896464707,0.0,3.713572066704308,1,1,0,13,0.11028112500458853,0.0,0,0
420,train,5.673323267171493,5.66988092298052,0.0,4.343805421853684,1,1,0,9,-0.0034423441909732233,0.0,0,0
421,train,5.857933154483459,6.059123195581797,2.639057329615259,2.70805020110221,1,1,4,12,0.2011900410983376,0.3333333333333333,0,0
422,train,5.41610040220442,5.459585514144159,2.639057329615259,2.0794415416798357,1,1,0,10,0.04348511193973881,0.0,0,0
423,train,6.311734809152915,6.220590170099739,2.995732273553991,4.6913478822291435,1,1,0,13,-0.0911446390531756,0.0,0,0
424,train,4.77912349311153,4.532599493153256,0.0,1.3862943611198906,1,1,0,8,-0.24652399995827334,0.0,0,0
425,train,5.771441123130016,6.126869184114185,2.70805020110221,0.6931471805599453,1,0,0,8,0.35542806098416957,0.0,0,0
426,train,6.529418838262226,6.385194398997726,2.4849066497880004,3.912023005428146,1,1,0,11,-0.1442244392644998,0.0,0,0
427,train,6.169610732491456,6.163314804034641,0.0,0.0,0,1,0,9,-0.0062959284568151475,0.0,1,0
428,train,5.594711379601839,5.855071922202427,3.784189633918261,3.091042453358316,1,0,0,11,0.26036054260058794,0.0,0,0
429,train,5.717027701406222,6.037870919922137,4.7535901911063645,4.532599493153256,1,1,0,13,0.3208432185159156,0.0,0,0
430,test,5.225746673713202,6.18826412308259,2.0794415416798357,0.0,1,1,0,9,0.962517449369388,0.0,1,0
431,train,5.8522024797744745,6.0112671744041615,4.204692619390966,2.4849066497880004,1,1,0,17,0.15906469462968698,0.0,0,0
432,train,5.831882477283517,6.693323668269949,0.0,2.9444389791664403,1,0,0,13,0.8614411909864321,0.0,0,0
433,train,5.860786223465865,5.955837369464831,0.0,4.1588830833596715,1,1,0,8,0.09505114599896558,0.0,0,0
434,train,5.971261839790462,5.752572638825633,1.3862943611198906,2.8903717578961645,1,0,0,12,-0.21868920096482913,0.0,0,0
435,train,6.003887067106539,6.12029741895095,2.302585092994046,3.295836866004329,1,1,0,11,0.11641035184441151,0.0,0,0
436,train,6.522092798170152,6.502790045915623,4.7535901911063645,4.007333185232471,1,1,0,7,-0.0193027522545286,0.0,0,0
437,train,5.4680601411351315,5.82600010738045,3.091042453358316,3.1780538303479458,1,1,0,11,0.35793996624531843,0.0,0,0
438,train,6.80128303447162,6.437751649736401,5.017279836814924,4.955827057601261,1,1,0,15,-0.36353138473521884,0.0,0,0
439,train,6.194405391104672,6.161207321695077,2.1972245773362196,4.465908118654584,1,0,4,9,-0.03319806940959502,0.4444444444444444,0,0
440,test,5.940171252720432,5.958424693029782,0.0,3.4657359027997265,1,0,0,11,0.01825344030935039,0.0,0,0
441,test,5.75890177387728,5.762051382780177,4.709530201312334,4.624972813284271,1,1,0,7,0.0031496089028966168,0.0,0,0
442,test,6.161207321695077,6.421622267806518,1.791759469228055,4.605170185988092,1,0,0,13,0.26041494611144067,0.0,0,0
443,test,4.990432586778736,5.099866427824199,4.248495242049359,4.1588830833596715,1,1,0,9,0.10943384104546272,0.0,0,0
444,train,5.54907608489522,5.82600010738045,3.6109179126442243,3.6888794541139363,1,1,0,10,0.27692402248522985,0.0,0,0
445,train,6.943122422819428,6.720220155135295,0.0,3.2188758248682006,1,0,0,10,-0.22290226768413302,0.0,0,0
446,train,5.7899601708972535,6.484635235635252,4.990432586778736,5.049856007249537,1,1,0,8,0.6946750647379982,0.0,0,0
447,train,5.83773044716594,5.918893854273146,3.784189633918261,2.772588722239781,1,1,0,11,0.08116340710720582,0.0,0,0
448,train,6.2766434893416445,6.532334292222349,0.0,3.7376696182833684,1,1,0,9,0.25569080288070456,0.0,0,0
449,train,6.192362489474872,6.345636360828596,0.0,3.5553480614894135,1,1,0,9,0.15327387135372383,0.0,0,0
450,train,7.105786129481271,5.863631175598097,3.58351893845611,2.772588722239781,1,0,0,10,-1.2421549538831744,0.0,0,0
451,test,6.0014148779611505,5.963579343618446,0.0,3.1780538303479458,1,1,0,11,-0.03783553434270459,0.0,0,0
452,test,5.976350909297934,5.921578419643816,3.258096538021482,2.0794415416798357,1,0,0,9,-0.05477248965411796,0.0,0,0
453,train,6.226536669287466,5.948034989180646,2.302585092994046,1.6094379124341003,1,1,0,11,-0.2785016801068201,0.0,0,0
454,train,5.204006687076795,5.231108616854587,0.0,2.1972245773362196,1,1,0,11,0.02710192977779169,0.0,0,0
455,train,5.768320995793772,5.768320995793772,3.8501476017100584,4.9344739331306915,1,1,0,11,0.0,0.0,0,0
456,train,6.331501849893691,6.6039438246004725,0.0,4.204692619390966,1,1,0,9,0.27244197470678166,0.0,0,0
457,train,5.648974238161206,5.87493073085203,0.0,4.948759890378168,1,1,0,8,0.22595649269082418,0.0,0,0
458,train,5.953243334287785,6.152732694704104,3.7612001156935624,4.276666119016055,1,1,0,11,0.1994893604163197,0.0,0,0
459,train,6.102558594613569,6.208590026096629,0.0,4.143134726391533,1,1,0,7,0.10603143148305971,0.0,0,0
460,train,5.342334251964811,5.739792912179234,2.302585092994046,6.089044875446846,1,1,0,10,0.397458660214423,0.0,0,0
461,train,7.024649030453636,7.0587581525186645,4.875197323201151,6.061456918928017,1,1,0,12,0.03410912206502825,0.0,0,0
462,train,5.648974238161206,6.093569770045136,1.9459101490553132,3.6109179126442243,1,1,0,8,0.4445955318839294,0.0,0,0
463,train,6.52649485957079,6.637258031284457,2.4849066497880004,4.74493212836325,1,1,0,7,0.11076317171366679,0.0,0,0
464,train,6.133398042996649,6.131226489483141,3.7376696182833684,3.1780538303479458,1,1,0,12,-0.002171553513507618,0.0,0,0
465,train,6.135564891081739,6.089044875446846,3.258096538021482,4.7535901911063645,1,1,0,10,-0.04652001563489261,0.0,0,0
466,train,6.587550014824796,6.598509028614515,3.58351893845611,4.5217885770490405,1,1,0,13,0.010959013789719307,0.0,0,0
467,train,4.890349128221754,5.846438775057724,0.0,3.5263605246161616,1,1,0,6,0.9560896468359701,0.0,0,0
468,train,6.052089168924417,6.214608098422191,3.9318256327243257,3.6635616461296463,1,1,0,7,0.16251892949777424,0.0,0,0
469,test,5.7745515455444085,5.726847747587197,2.9444389791664403,4.634728988229636,1,1,0,9,-0.04770379795721169,0.0,0,0
470,test,6.371611847231857,6.483107351457199,3.5553480614894135,4.48863636973214,1,1,0,9,0.11149550422534205,0.0,0,0
471,train,6.380122536899765,6.400257445308821,4.07753744390572,4.07753744390572,1,1,0,13,0.020134908409056074,0.0,0,0
472,train,6.431331081933479,6.436150368369428,0.0,5.087596335232384,1,1,0,9,0.004819286435949088,0.0,0,0
473,test,7.313886831633462,7.277247726631484,4.6443908991413725,4.890349128221754,1,1,0,14,-0.03663910500197787,0.0,0,0
474,train,5.365976015021851,5.4638318050256105,3.7612001156935624,3.4965075614664802,1,1,1,13,0.09785579000375932,0.07692307692307693,0,0
475,train,5.932245187448011,6.082218910376446,4.762173934797756,3.5263605246161616,1,1,0,9,0.14997372292843547,0.0,0,0
476,test,5.017279836814924,5.54907608489522,4.59511985013459,3.367295829986474,1,1,0,15,0.5317962480802958,0.0,0,0
477,train,5.863631175598097,5.945420608606575,3.58351893845611,3.258096538021482,1,0,0,10,0.08178943300847852,0.0,0,0
478,train,6.028278520230698,6.089044875446846,2.70805020110221,4.276666119016055,1,0,0,9,0.06076635521614815,0.0,0,0
479,train,6.161207321695077,5.986452005284438,3.58351893845611,3.367295829986474,1,1,0,16,-0.17475531641063924,0.0,0,0
480,train,6.257667587882639,6.7580945044277305,0.0,5.572154032177765,1,1,0,7,0.5004269165450914,0.0,0,0
481,train,5.442417710521793,5.883322388488279,0.0,3.295836866004329,1,0,0,10,0.44090467796648536,0.0,0,0
482,train,5.860786223465865,6.056784013228625,3.4339872044851463,3.2188758248682006,1,1,0,12,0.1959977897627594,0.0,0,0
483,train,5.932245187448011,6.456769655572163,2.995732273553991,4.110873864173311,1,1,0,7,0.5245244681241523,0.0,0,0
484,train,6.16541785423142,6.270988431858299,0.0,3.4011973816621555,1,1,0,7,0.10557057762687894,0.0,0,0
485,train,5.666426688112432,5.6240175061873385,3.1354942159291497,2.639057329615259,1,1,0,12,-0.0424091819250938,0.0,0,0
486,train,6.246106765481563,6.349138991379798,0.0,1.6094379124341003,1,0,0,11,0.10303222589823502,0.0,0,0
487,train,6.154858094016418,6.4425401664681985,4.127134385045092,2.0794415416798357,1,1,0,8,0.2876820724517808,0.0,0,0
488,test,5.908082938168931,6.0330862217988015,3.7376696182833684,4.718498871295094,1,1,0,7,0.12500328362987023,0.0,0,0
489,train,5.53338948872752,5.583496308781699,3.7376696182833684,1.6094379124341003,1,1,0,9,0.05010682005417877,0.0,0,0
490,train,5.598421958998375,5.594711379601839,0.0,3.1780538303479458,1,1,0,8,-0.0037105793965359624,0.0,0,0
491,train,5.746203190540153,6.118097198041348,3.5263605246161616,3.8712010109078907,1,1,0,9,0.3718940075011954,0.0,0,0
492,train,5.916202062607435,5.961005339623274,3.091042453358316,3.1354942159291497,1,1,0,7,0.04480327701583864,0.0,0,0
493,train,6.413458957167357,6.298949246855942,3.1780538303479458,4.07753744390572,1,1,0,9,-0.11450971031141499,0.0,0,0
494,train,5.802118375377063,6.073044534100405,4.1588830833596715,3.58351893845611,1,0,0,15,0.27092615872334225,0.0,0,0
495,test,6.476972362889683,6.447305862541213,3.58351893845611,4.219507705176107,1,0,0,9,-0.02966650034846996,0.0,0,0
496,train,6.272877006546167,6.380122536899765,3.5263605246161616,4.219507705176107,1,1,0,13,0.1072455303535973,0.0,0,0
497,train,5.855071922202427,5.886104031450156,0.0,3.091042453358316,1,1,0,10,0.031032109247728812,0.0,0,0
498,train,6.3578422665081,6.523562306149512,4.912654885736052,5.236441962829949,1,1,0,11,0.16572003964141224,0.0,0,0
499,train,5.961005339623274,5.948034989180646,3.784189633918261,4.248495242049359,1,1,0,8,-0.012970350442627954,0.0,0,0
500,train,4.795790545596741,4.442651256490317,3.258096538021482,3.8918202981106265,1,1,0,13,-0.35313928910642467,0.0,0,0
501,train,5.673323267171493,6.249975242259483,1.0986122886681096,2.833213344056216,1,1,0,10,0.5766519750879899,0.0,0,0
502,train,6.259581464064923,6.464588303689961,4.48863636973214,5.147494476813453,1,0,0,7,0.20500683962503796,0.0,0,0
503,train,6.461468176353717,6.519147287940395,2.8903717578961645,4.836281906951478,1,1,0,9,0.057679111586677934,0.0,0,0
504,train,6.318968113746434,6.331501849893691,0.0,5.786897381366708,1,1,0,12,0.012533736147256391,0.0,0,0
505,train,5.442417710521793,6.07993319509559,0.0,3.6109179126442243,1,1,0,14,0.6375154845737967,0.0,0,0
506,train,6.302618975744905,6.20455776256869,3.1354942159291497,3.1354942159291497,1,1,0,15,-0.09806121317621486,0.0,0,0
507,train,5.53338948872752,6.234410725718371,0.0,3.367295829986474,1,1,0,11,0.7010212369908508,0.0,0,0
508,test,6.042632833682381,7.001245622069476,3.1354942159291497,3.4011973816621555,1,1,0,10,0.9586127883870947,0.0,0,0
509,train,7.986164860332727,6.39024066706535,4.948759890378168,3.784189633918261,1,0,0,13,-1.5959241932673773,0.0,0,0
510,train,6.124683390894205,6.302618975744905,4.418840607796598,3.8918202981106265,1,1,0,10,0.17793558485070005,0.0,0,0
511,train,5.7899601708972535,6.665683717782408,1.9459101490553132,3.332204510175204,1,1,0,12,0.8757235468851547,0.0,0,0
512,train,5.488937726156687,5.683579767338681,3.1354942159291497,2.833213344056216,1,1,0,10,0.19464204118199468,0.0,0,0
513,test,5.857933154483459,6.042632833682381,0.0,4.127134385045092,1,1,0,12,0.18469967919892216,0.0,0,0
514,train,5.908082938168931,6.263398262591624,0.0,3.8712010109078907,1,1,0,11,0.3553153244226923,0.0,0,0
515,test,6.137727054086234,6.52649485957079,0.0,4.553876891600541,1,1,0,10,0.38876780548455603,0.0,0,0
516,train,5.313205979041787,5.308267697401205,0.0,3.091042453358316,1,1,0,9,-0.004938281640582076,0.0,0,0
517,train,4.564348191467836,4.51085950651685,0.0,1.6094379124341003,1,1,2,14,-0.053488684950986354,0.14285714285714285,0,0
518,train,5.849324779946859,5.765191102784844,2.9444389791664403,0.0,1,0,0,12,-0.08413367716201492,0.0,1,0
519,train,6.403574197934815,7.1180162044653335,2.0794415416798357,6.3784261836515865,1,1,0,7,0.7144420065305184,0.0,0,0
520,train,5.958424693029782,6.180016653652572,3.4965075614664802,3.8918202981106265,1,1,0,7,0.2215919606227903,0.0,0,0
521,train,5.393627546352361,4.605170185988092,4.477336814478207,4.382026634673881,1,0,0,18,-0.7884573603642693,0.0,0,0
522,train,4.605170185988092,5.429345628954441,0.0,4.770684624465665,1,1,0,17,0.8241754429663493,0.0,0,0
523,train,6.035481432524756,5.929589143389895,1.9459101490553132,3.258096538021482,1,1,0,10,-0.1058922891348617,0.0,0,0
524,train,5.58724865840025,5.517452896464707,3.5263605246161616,2.5649493574615367,1,0,0,11,-0.06979576193554227,0.0,0,0
525,train,6.385194398997726,4.6913478822291435,3.58351893845611,4.770684624465665,1,0,0,9,-1.6938465167685823,0.0,0,0
526,train,5.733341276897746,6.049733455231958,0.0,4.624972813284271,1,1,2,14,0.31639217833421185,0.14285714285714285,0,0
527,train,5.568344503761097,4.634728988229636,0.0,4.962844630259907,1,0,0,8,-0.9336155155314607,0.0,0,0
528,train,6.349138991379798,6.628041376179533,1.6094379124341003,2.833213344056216,1,1,0,10,0.2789023847997356,0.0,0,0
529,train,5.7430031878094825,6.008813185442595,0.0,2.4849066497880004,1,1,0,9,0.2658099976331121,0.0,0,0
530,test,4.7535901911063645,4.969813299576001,0.0,2.772588722239781,1,1,0,7,0.21622310846963622,0.0,0,0
531,train,6.436150368369428,6.363028103540465,4.990432586778736,4.430816798843313,1,0,0,14,-0.07312226482896289,0.0,0,0
532,train,6.161207321695077,6.678342114654332,0.0,1.6094379124341003,1,1,0,8,0.5171347929592551,0.0,0,0
533,train,6.3561076606958915,6.2878585601617845,3.332204510175204,3.8066624897703196,1,1,0,14,-0.06824910053410704,0.0,0,0
534,train,5.991464547107982,6.717804695023691,4.007333185232471,4.2626798770413155,1,1,0,13,0.7263401479157094,0.0,0,0
535,train,4.787491742782046,4.762173934797756,0.0,1.0986122886681096,1,1,0,15,-0.02531780798428951,0.0,0,0
536,train,5.564520407322694,5.84354441703136,0.0,4.605170185988092,1,1,0,14,0.2790240097086665,0.0,0,0
537,test,6.07993319509559,5.855071922202427,4.060443010546419,3.5263605246161616,1,0,0,11,-0.22486127289316293,0.0,0,0
538,train,6.822197390620491,6.3835066348840055,3.6375861597263857,3.8918202981106265,1,1,0,8,-0.4386907557364852,0.0,0,0
539,test,5.0369526024136295,5.908082938168931,2.302585092994046,4.290459441148391,1,0,0,13,0.8711303357553017,0.0,0,0
540,train,6.517671272912275,6.553933404025811,0.0,5.521460917862246,1,1,0,11,0.03626213111353582,0.0,0,0
541,train,5.91350300563827,6.066108090103747,4.110873864173311,2.70805020110221,1,1,0,14,0.1526050844654776,0.0,0,0
542,train,5.924255797414532,7.298445101508147,4.51085950651685,3.258096538021482,1,0,0,14,1.3741893040936146,0.0,0,0
543,test,6.063785208687608,6.1092475827643655,0.0,0.6931471805599453,1,0,4,9,0.04546237407675768,0.4444444444444444,0,0
544,train,5.459585514144159,5.2832037287379885,4.990432586778736,4.204692619390966,1,1,2,8,-0.17638178540617044,0.25,0,0
545,test,6.1779441140506,6.115892125483034,4.543294782270004,5.099866427824199,1,0,0,10,-0.062051988567565886,0.0,0,0
546,train,5.823045895483019,5.6937321388027,2.0794415416798357,4.189654742026425,1,0,0,13,-0.12931375668031908,0.0,0,0
547,train,5.342334251964811,6.349138991379798,0.0,2.4849066497880004,1,0,0,8,1.0068047394149868,0.0,0,0
548,train,6.773080375655535,8.504310565585223,3.1354942159291497,3.4339872044851463,1,0,0,9,1.731230189929688,0.0,0,0
549,train,5.272999558563747,5.393627546352361,2.70805020110221,3.5263605246161616,1,1,0,15,0.12062798778861428,0.0,0,0
550,train,5.918893854273146,6.093569770045136,0.0,2.302585092994046,1,1,0,16,0.1746759157719895,0.0,0,0
551,train,4.430816798843313,5.53338948872752,0.0,3.713572066704308,1,1,0,12,1.102572689884207,0.0,0,0
552,train,3.1354942159291497,3.367295829986474,0.0,0.0,0,1,0,15,0.23180161405732447,0.0,1,0
553,train,5.501258210544727,5.575949103146316,0.0,4.418840607796598,1,1,0,11,0.07469089260158857,0.0,0,0
554,train,4.90527477843843,5.902633333401366,2.0794415416798357,4.0943445622221,1,1,0,11,0.9973585549629362,0.0,0,0
555,train,5.857933154483459,5.8664680569332965,2.772588722239781,3.8066624897703196,1,1,4,21,0.008534902449837567,0.19047619047619047,0,0
556,train,6.059123195581797,6.234410725718371,3.295836866004329,0.0,1,1,0,12,0.1752875301365746,0.0,1,0
557,train,4.110873864173311,4.6913478822291435,0.0,3.912023005428146,1,1,1,14,0.5804740180558321,0.07142857142857142,0,0
558,train,5.521460917862246,5.147494476813453,0.0,4.04305126783455,1,1,0,8,-0.3739664410487933,0.0,0,0
559,train,5.937536205082426,6.361302477572996,2.302585092994046,4.127134385045092,1,1,0,7,0.4237662724905693,0.0,0,0
560,train,4.532599493153256,5.2832037287379885,1.3862943611198906,1.791759469228055,1,1,0,12,0.7506042355847322,0.0,0,0
561,train,5.402677381872279,5.41610040220442,0.0,3.6888794541139363,1,0,0,14,0.013423020332140823,0.0,0,0
562,train,4.204692619390966,4.127134385045092,3.044522437723423,0.0,1,0,0,12,-0.07755823434587406,0.0,1,0
563,train,6.137727054086234,6.182084906716632,3.4965075614664802,3.4657359027997265,1,1,0,12,0.04435785263039804,0.0,0,0
564,train,6.447305862541213,6.628041376179533,0.0,4.836281906951478,1,1,0,10,0.18073551363832063,0.0,0,0
565,train,4.844187086458591,4.48863636973214,0.0,1.0986122886681096,1,0,0,9,-0.35555071672645155,0.0,0,0
566,test,6.18826412308259,6.173786103901937,3.044522437723423,3.6635616461296463,1,1,0,15,-0.014478019180653057,0.0,0,0
567,train,3.9512437185814275,3.8918202981106265,0.0,3.784189633918261,1,1,0,8,-0.05942342047080107,0.0,0,0
568,train,6.440946540632921,6.522092798170152,3.8918202981106265,4.07753744390572,1,1,0,12,0.08114625753723104,0.0,0,0
569,train,6.618738983517219,6.904750769961838,2.4849066497880004,3.8066624897703196,1,1,0,13,0.286011786444619,0.0,0,0
570,train,6.9650803456014065,6.421622267806518,3.1780538303479458,3.970291913552122,1,0,0,12,-0.543458077794889,0.0,0,0
571,train,6.452048954437226,6.495265555937008,2.995732273553991,3.4657359027997265,1,1,0,10,0.04321660149978257,0.0,0,0
572,test,5.337538079701318,5.308267697401205,4.882801922586371,4.330733340286331,1,1,2,12,-0.029270382300112807,0.16666666666666666,0,0
573,train,5.303304908059076,5.552959584921617,3.044522437723423,1.3862943611198906,1,1,0,11,0.2496546768625416,0.0,0,0
574,train,5.37989735354046,5.594711379601839,3.713572066704308,2.3978952727983707,1,1,1,10,0.21481402606137934,0.1,0,0
575,train,6.815639990074331,5.840641657373398,4.343805421853684,6.021023349349527,1,0,0,7,-0.9749983327009328,0.0,0,0
576,train,5.298317366548036,5.3471075307174685,4.68213122712422,3.912023005428146,1,1,0,10,0.04879016416943216,0.0,0,0
577,train,6.490723534502507,6.405228458030842,2.1972245773362196,3.332204510175204,1,1,0,7,-0.08549507647166532,0.0,0,0
578,test,6.016157159698354,6.22455842927536,3.4965075614664802,1.3862943611198906,1,1,0,20,0.20840126957700633,0.0,0,0
579,test,5.0689042022202315,5.3471075307174685,0.0,1.791759469228055,1,1,0,7,0.27820332849723695,0.0,0,0
580,train,6.771935555839602,6.650279048587422,0.0,5.1647859739235145,1,0,0,11,-0.12165650725217958,0.0,0,0
581,train,5.318119993844216,5.5254529391317835,3.9889840465642745,4.882801922586371,1,1,0,8,0.2073329452875674,0.0,0,0
582,train,4.543294782270004,3.9512437185814275,0.0,0.6931471805599453,1,1,0,10,-0.5920510636885763,0.0,0,0
583,train,4.204692619390966,4.442651256490317,0.0,0.6931471805599453,1,1,0,10,0.23795863709935094,0.0,0,0
584,train,6.0473721790462776,5.934894195619588,2.9444389791664403,2.8903717578961645,1,0,0,13,-0.11247798342668958,0.0,0,0
585,test,4.672828834461906,4.7535901911063645,0.0,2.1972245773362196,1,1,0,8,0.08076135664445871,0.0,0,0
586,train,5.476463551931511,4.61512051684126,2.3978952727983707,4.61512051684126,1,1,0,11,-0.8613430350902513,0.0,0,0
587,test,5.786897381366708,6.261491684321042,0.0,4.442651256490317,1,1,0,17,0.47459430295433425,0.0,0,0
588,train,5.631211781821365,6.129050210060545,3.7612001156935624,4.454347296253507,1,1,0,14,0.4978384282391799,0.0,0,0
589,test,7.505492274737424,6.6320017773956295,1.0986122886681096,4.7535901911063645,1,1,0,14,-0.8734904973417947,0.0,0,0
590,train,4.2626798770413155,4.3694478524670215,0.0,2.302585092994046,1,0,0,20,0.10676797542570604,0.0,0,0
591,test,6.670766320845874,6.499787040655854,3.2188758248682006,5.950642552587727,1,0,0,11,-0.17097928019001962,0.0,0,0
592,test,6.259581464064923,6.75343791859778,4.941642422609304,5.37989735354046,1,0,0,11,0.49385645453285676,0.0,0,0
593,train,4.48863636973214,4.990432586778736,3.5553480614894135,1.9459101490553132,1,0,0,8,0.5017962170465964,0.0,0,0
594,train,6.059123195581797,6.0112671744041615,3.828641396489095,4.8283137373023015,1,1,0,8,-0.0478560211776351,0.0,0,0
595,train,5.017279836814924,5.0106352940962555,4.356708826689592,3.1354942159291497,1,0,0,13,-0.006644542718668767,0.0,0,0
596,train,7.003065458786462,6.371611847231857,0.0,4.8283137373023015,1,1,0,11,-0.6314536115546048,0.0,0,0
597,test,6.22455842927536,6.144185634125646,0.0,4.31748811353631,1,1,2,11,-0.08037279514971463,0.18181818181818182,0,0
598,train,4.430816798843313,4.787491742782046,3.6888794541139363,1.791759469228055,1,1,0,12,0.35667494393873245,0.0,0,0
599,train,6.573680166960646,6.395261598115449,4.204692619390966,5.351858133476067,1,0,0,7,-0.17841856884519647,0.0,0,0
600,train,5.424950017481403,5.568344503761097,0.0,3.044522437723423,1,1,0,13,0.14339448627969364,0.0,0,0
601,test,5.976350909297934,6.139884552226255,0.0,5.111987788356544,1,1,0,8,0.1635336429283214,0.0,0,0
602,train,5.568344503761097,5.703782474656201,4.787491742782046,2.1972245773362196,1,0,0,10,0.13543797089510434,0.0,0,0
603,train,6.045005314036012,6.052089168924417,2.772588722239781,4.8283137373023015,1,1,0,6,0.007083854888405128,0.0,0,0
604,train,4.74493212836325,4.7535901911063645,3.2188758248682006,3.091042453358316,1,1,0,6,0.008658062743114314,0.0,0,0
605,train,5.303304908059076,5.41610040220442,4.276666119016055,2.8903717578961645,1,1,0,12,0.1127954941453444,0.0,0,0
606,test,5.564520407322694,5.857933154483459,0.0,3.295836866004329,1,0,0,12,0.29341274716076526,0.0,0,0
607,train,5.429345628954441,5.83773044716594,3.912023005428146,4.859812404361672,1,1,0,9,0.4083848182114993,0.0,0,0
608,train,6.1779441140506,6.2766434893416445,2.833213344056216,2.302585092994046,1,1,0,12,0.09869937529104433,0.0,0,0
609,train,5.60947179518496,6.823286122355687,0.0,0.6931471805599453,1,0,0,7,1.2138143271707271,0.0,0,0
610,train,6.0844994130751715,5.8289456176102075,3.4965075614664802,2.5649493574615367,1,1,0,13,-0.25555379546496404,0.0,0,0
611,train,6.650279048587422,6.507277712385012,3.1354942159291497,4.382026634673881,1,0,0,8,-0.14300133620241073,0.0,0,0
612,train,5.384495062789089,5.293304824724492,1.3862943611198906,0.0,1,1,0,17,-0.09119023806459658,0.0,1,0
613,test,6.484635235635252,6.522092798170152,3.5263605246161616,3.2188758248682006,1,0,0,8,0.03745756253490029,0.0,0,0
614,train,5.820082930352362,6.395261598115449,0.0,5.4116460518550396,1,1,0,8,0.5751786677630877,0.0,0,0
615,train,5.351858133476067,5.908082938168931,0.0,4.74493212836325,1,1,0,8,0.5562248046928646,0.0,0,0
616,train,5.598421958998375,4.852030263919617,5.003946305945459,4.990432586778736,1,1,0,13,-0.7463916950787581,0.0,0,0
617,train,5.480638923341991,5.783825182329737,4.672828834461906,3.4011973816621555,1,1,0,10,0.3031862589877461,0.0,0,0
618,test,5.902633333401366,6.4425401664681985,2.5649493574615367,4.68213122712422,1,0,0,7,0.5399068330668326,0.0,0,0
619,train,5.389071729816501,5.75890177387728,2.833213344056216,6.0844994130751715,1,1,0,10,0.36983004406077935,0.0,0,0
620,train,5.780743515792329,5.924255797414532,3.713572066704308,2.3978952727983707,1,1,0,14,0.1435122816222032,0.0,0,0
621,train,5.521460917862246,5.459585514144159,2.995732273553991,2.8903717578961645,1,1,0,9,-0.061875403718087085,0.0,0,0
622,train,5.5053315359323625,6.049733455231958,0.0,4.31748811353631,1,1,0,10,0.5444019192995952,0.0,0,0
623,train,6.2324480165505225,6.584791392385716,3.5263605246161616,5.043425116919247,1,1,0,11,0.3523433758351935,0.0,0,0
624,train,5.720311776607412,5.700443573390686,3.4965075614664802,0.6931471805599453,1,1,4,17,-0.019868203216725888,0.23529411764705882,0,0
625,train,8.08886878916199,8.163940954755008,4.919980925828125,4.736198448394496,1,0,0,8,0.0750721655930171,0.0,0,0
626,train,6.042632833682381,6.035481432524756,3.784189633918261,1.9459101490553132,1,1,0,11,-0.007151401157624804,0.0,0,0
627,test,5.3471075307174685,5.552959584921617,2.3978952727983707,3.970291913552122,1,1,0,12,0.20585205420414887,0.0,0,0
628,train,7.4205789054108005,6.904750769961838,4.852030263919617,4.68213122712422,1,1,2,13,-0.5158281354489622,0.15384615384615385,0,0
629,train,4.406719247264253,3.970291913552122,0.0,1.6094379124341003,1,1,0,15,-0.4364273337121314,0.0,0,0
630,train,6.030685260261263,6.0867747269123065,0.0,2.639057329615259,1,1,0,11,0.056089466651043196,0.0,0,0
631,train,4.867534450455582,5.030437921392435,0.0,0.0,1,1,0,14,0.1629034709368531,0.0,1,0
632,train,5.111987788356544,5.204006687076795,0.0,4.454347296253507,1,1,0,13,0.09201889872025149,0.0,0,0
633,train,5.6131281063880705,5.697093486505405,2.995732273553991,0.0,1,1,0,15,0.08396538011733412,0.0,1,0
634,train,5.908082938168931,7.016609683894219,2.833213344056216,4.248495242049359,1,0,0,8,1.108526745725288,0.0,0,0
635,test,5.081404364984463,5.135798437050262,2.302585092994046,2.1972245773362196,1,1,0,10,0.05439407206579894,0.0,0,0
636,train,6.340359303727752,6.142037405587356,3.4965075614664802,4.189654742026425,1,1,0,9,-0.1983218981403958,0.0,0,0
637,train,4.736198448394496,5.003946305945459,0.0,2.302585092994046,1,1,0,10,0.26774785755096353,0.0,0,0
638,train,6.508769136971682,6.306275286948016,3.970291913552122,4.23410650459726,1,1,0,12,-0.20249385002366616,0.0,0,0
639,train,6.218600119691729,6.144185634125646,2.9444389791664403,1.6094379124341003,1,1,0,10,-0.07441448556608332,0.0,0,0
640,train,5.91350300563827,5.983936280687191,0.0,1.791759469228055,1,1,0,12,0.07043327504892094,0.0,0,0
641,train,5.8971538676367405,5.87493073085203,3.7376696182833684,2.8903717578961645,1,1,0,11,-0.022223136784710107,0.0,0,0
642,train,5.389071729816501,5.545177444479562,0.0,1.0986122886681096,1,1,0,9,0.15610571466306133,0.0,0,0
643,train,6.102558594613569,6.194405391104672,3.4011973816621555,3.8501476017100584,1,1,0,10,0.09184679649110272,0.0,0,0
644,train,6.003887067106539,5.973809611869261,3.258096538021482,3.1780538303479458,1,1,0,14,-0.03007745523727756,0.0,0,0
645,train,5.303304908059076,5.438079308923196,2.8903717578961645,1.6094379124341003,1,1,2,10,0.13477440086411985,0.2,0,0
646,train,6.408528791059498,6.583409222158765,3.8066624897703196,4.04305126783455,1,1,0,9,0.17488043109926643,0.0,0,0
647,train,5.2574953720277815,5.638354669333745,2.302585092994046,1.6094379124341003,1,1,0,15,0.3808592973059639,0.0,0,0
648,train,6.54965074223381,6.559615237493242,0.0,3.4965075614664802,1,1,0,7,0.009964495259431772,0.0,0,0
649,train,6.236369590203704,6.507277712385012,3.5263605246161616,3.4657359027997265,1,1,0,11,0.2709081221813072,0.0,0,0
650,train,5.455321115357702,5.493061443340548,3.784189633918261,2.302585092994046,1,1,0,14,0.037740327982846544,0.0,0,0
651,train,5.891644211825771,5.883322388488279,2.9444389791664403,4.330733340286331,1,0,0,9,-0.008321823337491985,0.0,0,0
652,train,5.303304908059076,5.3230099791384085,0.0,4.110873864173311,1,1,2,16,0.019705071079332726,0.125,0,0
653,train,5.407171771460119,5.225746673713202,0.0,3.1354942159291497,1,1,0,6,-0.18142509774691717,0.0,0,0
654,test,5.003946305945459,5.2832037287379885,0.0,2.0794415416798357,1,1,0,12,0.2792574227925293,0.0,0,0
655,test,5.616771097666572,5.736572297479192,0.0,1.0986122886681096,1,1,0,12,0.1198011998126205,0.0,0,0
656,train,5.3471075307174685,5.484796933490655,0.0,0.0,1,0,0,6,0.1376894027731863,0.0,1,0
657,train,5.71042701737487,6.169610732491456,3.044522437723423,1.9459101490553132,1,1,0,12,0.45918371511658673,0.0,0,0
658,test,4.762173934797756,5.093750200806762,3.6888794541139363,2.4849066497880004,1,1,0,11,0.331576266009006,0.0,0,0
659,test,5.298317366548036,5.60947179518496,2.9444389791664403,3.6109179126442243,1,1,0,8,0.31115442863692344,0.0,0,0
660,test,5.66988092298052,6.113682179832232,0.0,4.343805421853684,1,1,0,13,0.443801256851712,0.0,0,0
661,test,6.2422232654551655,6.255750041753367,3.912023005428146,3.6375861597263857,1,0,0,10,0.013526776298201426,0.0,0,0
662,train,4.663439094112067,5.1647859739235145,0.0,0.0,1,1,0,11,0.5013468798114475,0.0,1,0
663,train,6.54534966033442,6.455198563340122,3.258096538021482,3.091042453358316,1,0,0,9,-0.09015109699429757,0.0,0,0
664,train,6.293419278846481,6.405228458030842,0.0,2.833213344056216,1,1,0,16,0.11180917918436073,0.0,0,0
665,train,5.823045895483019,6.180016653652572,0.0,2.0794415416798357,1,1,0,14,0.35697075816955337,0.0,0,0
666,test,6.439350371100098,6.556778356158042,3.8918202981106265,3.5553480614894135,1,1,0,8,0.11742798505794383,0.0,0,0
667,train,5.170483995038151,5.749392985908253,2.4849066497880004,1.6094379124341003,1,0,0,7,0.5789089908701017,0.0,0,0
668,train,5.883322388488279,5.755742213586912,3.295836866004329,3.5263605246161616,1,1,0,6,-0.1275801749013663,0.0,0,0
669,train,6.424869023905388,6.336825731146441,3.6375861597263857,3.295836866004329,1,0,0,10,-0.08804329275894673,0.0,0,0
670,train,6.398594934535208,6.579251212010101,3.9318256327243257,5.204006687076795,1,1,0,12,0.18065627747489366,0.0,0,0
671,test,5.4680601411351315,5.424950017481403,2.5649493574615367,2.5649493574615367,1,1,0,7,-0.04311012365372857,0.0,0,0
672,train,5.786897381366708,5.817111159963204,0.0,3.9318256327243257,1,1,0,14,0.030213778596496432,0.0,0,0
673,train,5.953243334287785,6.018593214496234,0.0,3.8918202981106265,1,1,1,13,0.06534988020844956,0.07692307692307693,0,0
674,test,5.54907608489522,5.733341276897746,2.1972245773362196,1.9459101490553132,1,1,0,17,0.18426519200252578,0.0,0,0
675,test,4.736198448394496,4.727387818712341,0.0,2.70805020110221,1,1,0,10,-0.008810629682154847,0.0,0,0
676,test,4.406719247264253,4.962844630259907,0.0,2.1972245773362196,1,1,2,7,0.5561253829956536,0.2857142857142857,0,0
677,train,5.942799375126701,6.2166061010848646,3.6635616461296463,2.995732273553991,1,1,0,9,0.27380672595816336,0.0,0,0
678,train,5.602118820879701,6.202535517187923,0.0,0.0,1,0,0,13,0.6004166963082218,0.0,1,0
679,train,6.059123195581797,6.889591308354466,3.044522437723423,4.564348191467836,1,1,2,13,0.8304681127726692,0.15384615384615385,0,0
680,train,4.189654742026425,4.219507705176107,4.382026634673881,4.762173934797756,1,0,0,8,0.029852963149681777,0.0,0,0
681,train,5.755742213586912,5.8971538676367405,3.295836866004329,0.0,1,0,0,8,0.14141165404982825,0.0,1,0
682,train,4.248495242049359,4.61512051684126,0.0,1.791759469228055,1,1,0,9,0.3666252747919003,0.0,0,0
683,train,5.8289456176102075,6.1675164908883415,4.04305126783455,3.5263605246161616,1,1,0,8,0.33857087327813407,0.0,0,0
684,test,5.666426688112432,5.720311776607412,3.828641396489095,1.791759469228055,1,1,0,11,0.05388508849497953,0.0,0,0
685,train,4.624972813284271,4.700480365792417,0.0,1.0986122886681096,1,1,3,17,0.07550755250814589,0.17647058823529413,0,0
686,train,5.883322388488279,5.820082930352362,0.0,2.302585092994046,1,0,0,13,-0.06323945813591703,0.0,0,0
687,train,6.148468295917647,6.253828811575473,2.639057329615259,2.833213344056216,1,1,0,17,0.10536051565782589,0.0,0,0
688,train,5.765191102784844,5.726847747587197,3.9512437185814275,2.639057329615259,1,0,0,11,-0.03834335519764753,0.0,0,0
689,test,5.8664680569332965,6.3561076606958915,1.9459101490553132,4.48863636973214,1,1,0,13,0.48963960376259497,0.0,0,0
690,train,5.54907608489522,5.84354441703136,3.5553480614894135,3.9889840465642745,1,1,0,12,0.2944683321361401,0.0,0,0
691,test,5.43372200355424,5.771441123130016,2.8903717578961645,3.044522437723423,1,1,0,11,0.33771911957577583,0.0,0,0
692,test,5.552959584921617,5.53338948872752,0.0,3.258096538021482,1,0,0,12,-0.019570096194096998,0.0,0,0
693,train,5.484796933490655,6.20050917404269,4.3694478524670215,2.5649493574615367,1,1,0,13,0.7157122405520351,0.0,0,0
694,train,5.318119993844216,5.54907608489522,0.0,0.6931471805599453,1,1,0,7,0.230956091051004,0.0,0,0
695,train,4.382026634673881,4.394449154672439,2.0794415416798357,1.0986122886681096,1,1,0,11,0.012422519998557924,0.0,0,0
696,train,6.068425588244111,6.139884552226255,3.091042453358316,3.7612001156935624,1,1,0,10,0.07145896398214457,0.0,0,0
697,train,5.384495062789089,5.58724865840025,2.4849066497880004,2.639057329615259,1,1,0,13,0.2027535956111608,0.0,0,0
698,test,6.049733455231958,6.261491684321042,0.0,4.74493212836325,1,1,0,11,0.21175822908908426,0.0,0,0
699,train,4.962844630259907,5.41610040220442,0.0,2.1972245773362196,1,0,0,7,0.45325577194451316,0.0,0,0
700,train,6.07073772800249,6.018593214496234,3.258096538021482,3.295836866004329,1,1,0,10,-0.052144513506255485,0.0,0,0
701,train,5.739792912179234,5.8805329864007,3.1780538303479458,3.8066624897703196,1,1,0,10,0.1407400742214664,0.0,0,0
702,test,5.8111409929767,5.883322388488279,3.58351893845611,3.1780538303479458,1,1,0,18,0.07218139551157865,0.0,0,0
703,train,6.045005314036012,6.338594078203183,3.4339872044851463,3.8066624897703196,1,1,0,6,0.29358876416717106,0.0,0,0
704,test,6.1092475827643655,6.1779441140506,3.5553480614894135,3.828641396489095,1,1,2,10,0.06869653128623465,0.2,0,0
705,train,5.765191102784844,5.765191102784844,2.1972245773362196,2.302585092994046,1,1,0,10,0.0,0.0,0,0
706,train,5.918893854273146,5.916202062607435,3.4011973816621555,2.3978952727983707,1,1,0,14,-0.0026917916657112073,0.0,0,0
707,train,5.572154032177765,5.583496308781699,2.995732273553991,3.1354942159291497,1,1,0,11,0.011342276603934387,0.0,0,0
708,test,6.3784261836515865,6.210600077024653,0.0,2.639057329615259,1,1,0,12,-0.16782610662693376,0.0,0,0
709,train,6.456769655572163,6.450470422144176,2.833213344056216,4.718498871295094,1,0,0,5,-0.0062992334279874385,0.0,0,0
710,test,5.58724865840025,5.552959584921617,3.8066624897703196,4.663439094112067,1,1,0,11,-0.034289073478632304,0.0,0,0
711,train,5.3230099791384085,4.844187086458591,0.0,5.976350909297934,1,0,0,14,-0.47882289267981726,0.0,0,0
712,train,6.244166900663736,6.352629396319567,2.995732273553991,5.37989735354046,1,0,2,15,0.10846249565583044,0.13333333333333333,0,0
713,train,6.111467339502679,6.5638555265321274,3.970291913552122,4.07753744390572,1,1,0,10,0.45238818702944883,0.0,0,0
714,train,6.008813185442595,6.171700597410915,0.0,4.343805421853684,1,1,0,12,0.16288741196832035,0.0,0,0
715,train,5.986452005284438,5.918893854273146,0.0,5.700443573390686,1,1,0,6,-0.06755815101129148,0.0,0,0
716,train,6.983789965258135,5.19295685089021,0.0,4.882801922586371,1,0,2,15,-1.7908331143679241,0.13333333333333333,0,0
717,train,6.261491684321042,5.983936280687191,3.4339872044851463,3.970291913552122,1,1,0,11,-0.2775554036338512,0.0,0,0
718,train,5.545177444479562,5.5093883366279774,0.0,2.5649493574615367,1,1,0,12,-0.035789107851584845,0.0,0,0
719,train,4.477336814478207,4.564348191467836,3.2188758248682006,2.4849066497880004,1,1,0,17,0.08701137698962924,0.0,0,0
720,test,4.897839799950911,4.912654885736052,3.044522437723423,1.6094379124341003,1,1,0,10,0.014815085785141235,0.0,0,0
721,train,5.288267030694535,5.5909869805108565,2.639057329615259,2.1972245773362196,1,1,0,12,0.30271994981632133,0.0,0,0
722,train,6.565264970035361,6.541029999189903,0.0,4.343805421853684,1,1,0,17,-0.024234970845458115,0.0,0,0
723,train,5.6937321388027,5.676753802268282,0.0,3.295836866004329,1,1,0,14,-0.016978336534418048,0.0,0,0
724,test,5.293304824724492,5.293304824724492,2.8903717578961645,3.58351893845611,1,0,0,12,0.0,0.0,0,0
725,train,6.429719478039138,6.677083461247136,4.59511985013459,5.60947179518496,1,1,0,7,0.24736398320799857,0.0,0,0
726,train,5.1647859739235145,5.153291594497779,0.0,0.6931471805599453,1,1,0,10,-0.011494379425735168,0.0,0,0
727,train,5.25227342804663,5.220355825078325,0.0,1.0986122886681096,1,1,0,11,-0.03191760296830459,0.0,0,0
728,train,5.293304824724492,5.455321115357702,0.0,3.367295829986474,1,1,0,15,0.16201629063320944,0.0,0,0
729,train,5.783825182329737,5.780743515792329,0.0,4.74493212836325,1,1,0,10,-0.0030816665374082675,0.0,0,0
730,train,5.529429087511423,5.552959584921617,0.0,3.2188758248682006,1,1,0,15,0.023530497410193973,0.0,0,0
731,train,5.41610040220442,5.662960480135946,0.0,3.9512437185814275,1,1,0,13,0.24686007793152598,0.0,0,0
732,train,5.683579767338681,5.560681631015528,0.0,3.6109179126442243,1,1,0,13,-0.12289813632315383,0.0,0,0
733,train,5.049856007249537,5.886104031450156,4.304065093204169,4.276666119016055,1,1,0,8,0.8362480242006187,0.0,0,0
734,train,5.3230099791384085,5.575949103146316,3.912023005428146,3.2188758248682006,1,0,0,9,0.2529391240079075,0.0,0,0
735,train,6.240275845170769,5.902633333401366,4.219507705176107,2.5649493574615367,1,1,2,12,-0.3376425117694035,0.16666666666666666,0,0
736,train,5.552959584921617,5.676753802268282,4.941642422609304,2.995732273553991,1,1,2,10,0.1237942173466644,0.2,0,0
737,train,5.365976015021851,5.5053315359323625,0.0,3.4657359027997265,1,1,0,12,0.1393555209105113,0.0,0,0
738,train,5.736572297479192,5.780743515792329,0.0,4.574710978503383,1,1,0,11,0.04417121831313686,0.0,0,0
739,train,6.159095388491933,6.282266746896006,0.0,3.332204510175204,1,1,0,7,0.12317135840407367,0.0,0,0
740,test,5.313205979041787,5.831882477283517,0.0,3.367295829986474,1,1,0,11,0.5186764982417298,0.0,0,0
741,train,5.60947179518496,5.484796933490655,0.0,4.997212273764115,1,0,0,13,-0.12467486169430497,0.0,0,0
742,train,5.717027701406222,5.834810737062605,3.044522437723423,2.5649493574615367,1,1,0,13,0.11778303565638293,0.0,0,0
743,train,5.247024072160486,5.25227342804663,0.0,2.302585092994046,1,1,0,6,0.005249355886143725,0.0,0,0
744,train,6.1224928095143865,6.1092475827643655,2.9444389791664403,3.4965075614664802,1,1,0,12,-0.013245226750020933,0.0,0,0
745,train,6.453624998892692,6.428105272684596,2.8903717578961645,3.258096538021482,1,1,0,7,-0.025519726208095506,0.0,0,0
746,test,6.295266001439646,6.248042874508429,4.90527477843843,4.442651256490317,1,0,0,8,-0.04722312693121733,0.0,0,0
747,train,6.111467339502679,6.161207321695077,4.174387269895637,5.030437921392435,1,1,0,15,0.04973998219239828,0.0,0,0
748,train,4.969813299576001,5.472270673671475,0.0,1.3862943611198906,1,0,0,12,0.5024573740954743,0.0,0,0
749,train,6.148468295917647,6.525029657843462,0.6931471805599453,5.0106352940962555,1,1,0,10,0.37656136192581524,0.0,0,0
750,train,6.957497370876951,6.710523109452428,3.784189633918261,5.808142489980444,1,0,0,10,-0.2469742614245236,0.0,0,0
751,train,5.272999558563747,5.631211781821365,0.0,1.3862943611198906,1,1,1,11,0.3582122232576186,0.09090909090909091,0,0
752,train,4.02535169073515,3.4657359027997265,0.0,0.6931471805599453,1,0,0,8,-0.5596157879354231,0.0,0,0
753,test,6.1224928095143865,6.403574197934815,0.0,4.382026634673881,1,1,0,11,0.2810813884204286,0.0,0,0
754,train,5.5093883366279774,5.5909869805108565,0.0,4.02535169073515,1,1,0,15,0.08159864388287907,0.0,0,0
755,test,4.762173934797756,5.3706380281276624,0.0,1.791759469228055,1,1,0,11,0.6084640933299061,0.0,0,0
756,train,4.584967478670572,5.056245805348308,0.0,3.2188758248682006,1,1,0,9,0.4712783266777354,0.0,0,0
757,train,7.318539548567902,7.089243155027514,3.58351893845611,5.170483995038151,1,1,0,13,-0.22929639354038756,0.0,0,0
758,train,5.2832037287379885,5.602118820879701,0.0,5.298317366548036,1,0,0,15,0.31891509214171254,0.0,0,0
759,train,5.720311776607412,6.111467339502679,0.0,5.605802066295998,1,1,0,8,0.39115556289526676,0.0,0,0
760,test,6.192362489474872,6.304448802421981,2.70805020110221,3.258096538021482,1,1,0,9,0.1120863129471088,0.0,0,0
761,test,6.142037405587356,6.529418838262226,3.6888794541139363,4.634728988229636,1,1,0,10,0.3873814326748697,0.0,0,0
762,test,6.796823718274855,6.774223886357614,0.6931471805599453,6.028278520230698,1,1,2,11,-0.022599831917241353,0.18181818181818182,0,0
763,test,6.77078942390898,6.7357800142423265,4.3694478524670215,5.087596335232384,1,0,0,12,-0.03500940966665311,0.0,0,0
764,test,5.641907070938114,6.329720905522696,3.4965075614664802,5.983936280687191,1,1,0,10,0.6878138345845821,0.0,0,0
765,test,7.065613363597717,7.212294468500341,0.0,6.198478716492308,1,1,0,14,0.14668110490262354,0.0,0,0
766,test,6.163314804034641,6.8416154764775925,4.290459441148391,5.6131281063880705,1,1,0,8,0.6783006724429512,0.0,0,0
767,train,6.194405391104672,6.3473892096560105,3.713572066704308,5.908082938168931,1,1,0,11,0.15298381855133858,0.0,0,0
768,train,6.405228458030842,6.51471269087253,0.0,4.189654742026425,1,1,0,11,0.10948423284168829,0.0,0,0
769,train,6.872128101338986,6.759255270663693,3.4011973816621555,2.302585092994046,1,1,0,8,-0.1128728306752933,0.0,0,0
770,train,5.886104031450156,5.958424693029782,0.0,5.986452005284438,1,1,0,15,0.07232066157962613,0.0,0,0
771,train,6.261491684321042,6.663132695990803,2.302585092994046,6.156978985585555,1,1,0,5,0.40164101166976085,0.0,0,0
772,train,6.423246963533519,7.080026499922591,0.6931471805599453,6.892641641172089,1,1,0,13,0.6567795363890712,0.0,0,0
773,test,6.796823718274855,6.580639137284949,3.7376696182833684,4.394449154672439,1,0,0,11,-0.21618458098990612,0.0,0,0
774,test,6.042632833682381,6.126869184114185,3.091042453358316,4.852030263919617,1,0,0,10,0.08423635043180422,0.0,0,0
775,train,6.206575926724928,6.198478716492308,3.713572066704308,2.5649493574615367,1,1,2,11,-0.00809721023262,0.18181818181818182,0,0
776,train,6.324358962381311,6.556778356158042,0.0,4.110873864173311,1,0,0,11,0.23241939377673138,0.0,0,0
777,test,6.0014148779611505,6.1092475827643655,2.1972245773362196,5.3230099791384085,1,1,0,12,0.10783270480321505,0.0,0,0
778,train,6.111467339502679,6.363028103540465,4.6443908991413725,4.219507705176107,1,1,0,9,0.2515607640377864,0.0,0,0
779,train,5.493061443340548,5.6131281063880705,0.0,5.332718793265369,1,1,0,13,0.12006666304752223,0.0,0,0
780,train,5.945420608606575,7.1853870155804165,4.976733742420574,4.634728988229636,1,1,0,11,1.2399664069738412,0.0,0,0
781,train,6.602587892189336,6.4967749901858625,0.0,5.746203190540153,1,0,0,7,-0.10581290200347393,0.0,0,0
782,train,6.439350371100098,6.885509670034818,2.639057329615259,2.0794415416798357,1,1,0,11,0.4461592989347194,0.0,0,0
783,train,6.311734809152915,6.320768294250582,4.897839799950911,5.459585514144159,1,1,0,16,0.009033485097667437,0.0,0,0
784,train,5.017279836814924,5.220355825078325,0.0,4.382026634673881,1,0,0,6,0.203075988263401,0.0,0,0
785,train,6.0112671744041615,6.142037405587356,4.2626798770413155,6.363028103540465,1,1,0,7,0.13077023118319442,0.0,0,0
786,train,6.925595197110468,7.091742115095153,0.0,5.575949103146316,1,0,0,14,0.16614691798468506,0.0,0,0
787,train,5.003946305945459,6.056784013228625,0.0,3.1354942159291497,1,1,0,8,1.0528377072831656,0.0,0,0
788,train,7.098375638590786,6.9975959829819265,3.6635616461296463,5.66988092298052,1,0,0,8,-0.10077965560885982,0.0,0,0
789,train,5.948034989180646,6.539585955617669,0.0,5.707110264748875,1,1,0,6,0.5915509664370235,0.0,0,0
790,train,6.255750041753367,6.405228458030842,2.772588722239781,6.597145701886651,1,0,0,9,0.14947841627747493,0.0,0,0
791,train,6.910750787961936,6.993932975223189,0.0,6.368187186350492,1,1,0,10,0.08318218726125348,0.0,0,0
792,test,5.723585101952381,5.958424693029782,3.2188758248682006,5.117993812416755,1,1,0,9,0.23483959107740127,0.0,0,0
793,train,6.429719478039138,6.843749949006225,0.0,2.833213344056216,1,1,0,10,0.414030470967087,0.0,0,0
794,train,6.429719478039138,6.621405651764134,3.2188758248682006,3.6635616461296463,1,1,0,9,0.19168617372499686,0.0,0,0
795,train,6.579251212010101,6.410174881966167,3.828641396489095,4.248495242049359,1,1,0,11,-0.16907633004393396,0.0,0,0
796,train,4.6913478822291435,4.836281906951478,0.6931471805599453,2.833213344056216,1,1,0,13,0.14493402472233452,0.0,0,0
797,train,5.840641657373398,5.963579343618446,0.0,4.219507705176107,1,1,0,5,0.12293768624504775,0.0,0,0
798,train,5.780743515792329,6.0063531596017325,0.0,4.248495242049359,1,1,0,10,0.22560964380940352,0.0,0,0
799,train,6.928537818164665,6.955592608396297,4.624972813284271,4.844187086458591,1,0,0,8,0.02705479023163182,0.0,0,0
800,test,6.890609120147166,6.887552571664617,0.0,5.58724865840025,1,0,0,13,-0.003056548482549104,0.0,0,0
801,train,6.0330862217988015,6.133398042996649,0.0,4.653960350157523,1,1,0,10,0.1003118211978471,0.0,0,0
802,train,6.238324625039508,6.821107472256465,0.0,4.90527477843843,1,1,0,12,0.582782847216957,0.0,0,0
803,train,6.238324625039508,6.335054251498059,3.4965075614664802,2.833213344056216,1,0,0,15,0.09672962645855154,0.0,0,0
804,train,6.0014148779611505,6.19644412779452,0.0,3.6635616461296463,1,1,0,12,0.1950292498333699,0.0,0,0
805,train,5.768320995793772,6.063785208687608,0.0,4.23410650459726,1,1,0,7,0.29546421289383584,0.0,0,0
806,train,5.365976015021851,6.008813185442595,0.0,5.135798437050262,1,1,0,6,0.6428371704207434,0.0,0,0
807,train,5.298317366548036,5.43372200355424,0.0,2.5649493574615367,1,1,0,8,0.13540463700620364,0.0,0,0
808,train,5.356586274672012,5.545177444479562,3.1780538303479458,3.332204510175204,1,1,4,10,0.18859116980754997,0.4,0,0
809,train,5.3706380281276624,5.342334251964811,0.0,2.302585092994046,1,1,0,12,-0.028303776162851513,0.0,0,0
810,train,6.775366090936392,6.778784897685177,1.6094379124341003,2.772588722239781,1,1,0,13,0.0034188067487850304,0.0,0,0
811,train,6.811244378601294,6.833031732786201,4.174387269895637,3.6109179126442243,1,1,0,14,0.02178735418490696,0.0,0,0
812,test,5.703782474656201,6.293419278846481,0.0,4.727387818712341,1,1,0,12,0.5896368041902802,0.0,0,0
813,train,6.439350371100098,6.826545223556594,0.0,4.5217885770490405,1,1,0,7,0.38719485245649565,0.0,0,0
814,test,5.476463551931511,6.018593214496234,2.4849066497880004,3.8066624897703196,1,1,0,10,0.5421296625647232,0.0,0,0
815,train,5.123963979403259,5.68697535633982,0.0,3.6375861597263857,1,1,0,14,0.5630113769365614,0.0,0,0
816,train,6.234410725718371,6.53813982376767,0.0,2.772588722239781,1,1,0,10,0.30372909804929904,0.0,0,0
817,train,5.351858133476067,5.476463551931511,0.0,0.6931471805599453,1,0,0,10,0.12460541845544437,0.0,0,0
818,train,5.905361848054571,5.934894195619588,2.1972245773362196,5.924255797414532,1,1,0,9,0.029532347565017325,0.0,0,0
819,train,6.16541785423142,6.313548046277095,0.0,4.543294782270004,1,1,0,11,0.14813019204567457,0.0,0,0
820,train,5.802118375377063,5.60947179518496,2.70805020110221,4.6443908991413725,1,1,0,10,-0.19264658019210312,0.0,0,0
821,train,5.8944028342648505,5.924255797414532,0.0,2.995732273553991,1,0,0,10,0.029852963149681777,0.0,0,0
822,train,5.517452896464707,5.66988092298052,3.1354942159291497,3.091042453358316,1,1,0,10,0.15242802651581222,0.0,0,0
823,train,5.940171252720432,6.2766434893416445,3.332204510175204,3.970291913552122,1,1,0,11,0.33647223662121295,0.0,0,0
824,train,6.068425588244111,6.535241271013659,0.0,2.772588722239781,1,1,0,9,0.466815682769548,0.0,0,0
825,train,6.413458957167357,6.579251212010101,4.499809670330265,3.6375861597263857,1,0,0,11,0.16579225484274396,0.0,0,0
826,train,6.3080984415095305,6.175867270105761,0.0,4.59511985013459,1,1,0,7,-0.1322311714037694,0.0,0,0
827,train,6.061456918928017,6.025865973825314,2.833213344056216,5.752572638825633,1,1,0,12,-0.035590945102702776,0.0,0,0
828,train,5.891644211825771,6.9726062513017535,0.0,5.733341276897746,1,1,0,12,1.080962039475983,0.0,0,0
829,train,6.654152520183219,6.539585955617669,3.258096538021482,3.295836866004329,1,1,0,6,-0.11456656456554981,0.0,0,0
830,train,6.298949246855942,6.928537818164665,3.7376696182833684,5.19295685089021,1,1,0,14,0.629588571308723,0.0,0,0
831,train,5.950642552587727,6.040254711277414,1.6094379124341003,1.791759469228055,1,1,0,11,0.08961215868968697,0.0,0,0
832,train,4.6443908991413725,4.969813299576001,0.0,3.044522437723423,1,1,1,11,0.3254224004346282,0.09090909090909091,0,0
833,train,5.908082938168931,5.891644211825771,0.0,4.59511985013459,1,1,0,9,-0.01643872634316068,0.0,0,0
834,train,5.7745515455444085,5.69035945432406,2.9444389791664403,4.605170185988092,1,1,0,11,-0.08419209122034843,0.0,0,0
835,train,4.990432586778736,4.90527477843843,3.4657359027997265,3.6109179126442243,1,1,0,10,-0.0851578083403064,0.0,0,0
836,train,5.393627546352361,5.823045895483019,0.0,0.0,1,1,1,7,0.4294183491306578,0.14285714285714285,1,0
837,train,5.713732805509369,5.8944028342648505,0.6931471805599453,4.007333185232471,1,1,0,13,0.18067002875548166,0.0,0,0
838,train,5.940171252720432,6.184148890937483,0.0,4.875197323201151,1,1,0,10,0.24397763821705176,0.0,0,0
839,train,6.150602768446279,6.22455842927536,0.0,3.295836866004329,1,1,0,9,0.073955660829081,0.0,0,0
840,train,6.470799503782602,6.543911845564792,0.0,4.248495242049359,1,1,0,12,0.07311234178219017,0.0,0,0
841,train,5.529429087511423,5.7745515455444085,3.8918202981106265,3.7612001156935624,1,1,0,12,0.24512245803298516,0.0,0,0
842,test,5.6240175061873385,5.8664680569332965,0.0,4.248495242049359,1,1,0,8,0.242450550745958,0.0,0,0
843,train,5.713732805509369,5.730099782973575,2.0794415416798357,4.394449154672439,1,1,0,15,0.016366977464206123,0.0,0,0
844,train,5.8805329864007,6.386879319362645,0.0,3.044522437723423,1,1,0,9,0.5063463329619449,0.0,0,0
845,train,5.529429087511423,5.680172609017068,0.0,1.3862943611198906,1,1,0,9,0.1507435215056443,0.0,0,0
846,test,6.715383386334681,6.870053411798126,3.1780538303479458,1.791759469228055,1,0,0,14,0.154670025463445,0.0,0,0
847,test,6.309918278226516,6.302618975744905,0.0,4.61512051684126,1,1,0,11,-0.007299302481611036,0.0,0,0
848,train,6.315358001522335,6.461468176353717,0.6931471805599453,5.220355825078325,1,1,0,10,0.14611017483138244,0.0,0,0
849,train,6.016157159698354,6.0112671744041615,3.258096538021482,5.10594547390058,1,1,0,12,-0.004889985294192378,0.0,0,0
850,train,5.8944028342648505,5.808142489980444,0.0,3.6635616461296463,1,0,0,14,-0.08626034428440654,0.0,0,0
851,train,5.926926025970411,6.1092475827643655,0.0,3.295836866004329,1,1,0,12,0.1823215567939549,0.0,0,0
852,train,6.400257445308821,6.234410725718371,3.5263605246161616,5.4116460518550396,1,1,0,10,-0.1658467195904496,0.0,0,0
853,train,6.584791392385716,6.476972362889683,2.9444389791664403,4.143134726391533,1,0,0,8,-0.10781902949603328,0.0,0,0
854,test,6.161207321695077,6.2766434893416445,3.2188758248682006,2.995732273553991,1,1,0,10,0.11543616764656761,0.0,0,0
855,train,6.285998094508865,6.507277712385012,3.091042453358316,3.4339872044851463,1,1,2,8,0.2212796178761467,0.25,0,0
856,train,6.003887067106539,6.129050210060545,0.0,5.484796933490655,1,1,0,10,0.12516314295400655,0.0,0,0
857,train,6.248042874508429,6.639875833826536,0.0,5.384495062789089,1,1,0,10,0.3918329593181067,0.0,0,0
858,train,6.008813185442595,5.973809611869261,0.0,4.962844630259907,1,0,0,6,-0.03500357357333339,0.0,0,0
859,train,5.993961427306569,6.728628613084702,0.0,3.8066624897703196,1,1,0,9,0.7346671857781324,0.0,0,0
860,train,7.56734567601324,6.903747257584598,0.0,4.68213122712422,1,1,0,11,-0.6635984184286414,0.0,0,0
861,test,6.2166061010848646,6.504288173536645,0.0,5.017279836814924,1,1,0,11,0.2876820724517808,0.0,0,0
862,train,6.104793232414985,6.620073206530356,0.0,5.225746673713202,1,1,0,14,0.5152799741153711,0.0,0,0
863,test,6.0867747269123065,6.814542897259958,0.6931471805599453,6.249975242259483,1,1,0,10,0.7277681703476517,0.0,0,0
864,train,6.961296045910167,7.338888133838879,3.258096538021482,6.100318952020064,1,0,0,6,0.37759208792871224,0.0,0,0
865,train,5.857933154483459,6.693323668269949,4.836281906951478,4.204692619390966,1,1,0,10,0.8353905137864901,0.0,0,0
866,train,6.059123195581797,6.38856140554563,2.0794415416798357,3.6375861597263857,1,1,0,9,0.32943820996383355,0.0,0,0
867,train,5.780743515792329,6.226536669287466,0.0,0.0,1,1,1,13,0.4457931534951367,0.07692307692307693,1,0
868,train,5.834810737062605,6.089044875446846,3.9512437185814275,2.302585092994046,1,1,0,14,0.25423413838424125,0.0,0,0
869,train,4.653960350157523,4.795790545596741,0.0,2.5649493574615367,1,1,0,9,0.14183019543921827,0.0,0,0
870,train,5.60947179518496,5.713732805509369,3.4657359027997265,0.6931471805599453,1,1,0,7,0.10426101032440904,0.0,0,0
871,train,5.14166355650266,5.204006687076795,2.9444389791664403,2.772588722239781,1,1,0,14,0.062343130574134875,0.0,0,0
872,train,5.945420608606575,6.246106765481563,3.784189633918261,4.219507705176107,1,1,0,12,0.30068615687498745,0.0,0,0
873,train,5.2832037287379885,5.41610040220442,0.0,0.0,1,0,0,10,0.13289667346643164,0.0,1,0
874,test,4.955827057601261,4.574710978503383,4.5217885770490405,2.302585092994046,1,0,0,9,-0.38111607909787804,0.0,0,0
875,train,5.6131281063880705,5.973809611869261,0.0,1.791759469228055,1,1,0,11,0.3606815054811907,0.0,0,0
876,train,7.108244139731541,6.907755278982137,0.0,3.4339872044851463,1,1,0,13,-0.2004888607494042,0.0,0,0
877,train,5.998936561946683,6.171700597410915,4.04305126783455,3.1354942159291497,1,1,0,14,0.17276403546423236,0.0,0,0
878,train,5.564520407322694,5.968707559985366,0.0,3.6375861597263857,1,1,0,11,0.40418715266267213,0.0,0,0
879,train,5.198497031265826,5.41610040220442,0.0,1.3862943611198906,1,1,2,8,0.21760337093859405,0.25,0,0
880,train,4.927253685157205,7.00033446027523,0.0,1.791759469228055,1,0,0,12,2.073080775118025,0.0,0,0
881,test,3.784189633918261,3.8918202981106265,0.0,2.639057329615259,1,1,4,10,0.10763066419236544,0.4,0,0
882,train,6.003887067106539,6.013715156042802,3.332204510175204,4.634728988229636,1,1,0,7,0.009828088936263413,0.0,0,0
883,test,6.579251212010101,7.010311867307229,0.0,5.429345628954441,1,1,0,13,0.4310606552971281,0.0,0,0
884,train,6.648984550024776,7.463936604468925,4.574710978503383,4.77912349311153,1,1,0,15,0.8149520544441486,0.0,0,0
885,train,5.605802066295998,6.648984550024776,3.4339872044851463,4.406719247264253,1,1,0,9,1.0431824837287786,0.0,0,0
886,test,4.8283137373023015,4.7535901911063645,0.0,4.969813299576001,1,0,0,6,-0.07472354619593702,0.0,0,0
887,train,4.634728988229636,5.579729825986222,0.0,2.4849066497880004,1,1,0,12,0.9450008377565862,0.0,0,0
888,train,4.700480365792417,5.043425116919247,0.0,0.0,1,1,0,14,0.3429447511268302,0.0,1,0
889,train,6.0473721790462776,6.1463292576688975,3.258096538021482,3.332204510175204,1,1,0,12,0.09895707862261993,0.0,0,0
890,test,6.300785794663244,5.918893854273146,3.2188758248682006,1.791759469228055,1,1,2,9,-0.3818919403900978,0.2222222222222222,0,0
891,train,5.652489180268651,5.755742213586912,0.0,3.1780538303479458,1,1,0,7,0.10325303331826152,0.0,0,0
892,train,6.988413181999592,6.9726062513017535,3.8501476017100584,6.152732694704104,1,0,0,9,-0.01580693069783834,0.0,0,0
893,train,6.473890696352274,6.12029741895095,0.0,1.9459101490553132,1,1,0,6,-0.3535932774013242,0.0,0,0
894,train,5.153291594497779,4.955827057601261,0.0,4.143134726391533,1,0,0,9,-0.19746453689651844,0.0,0,0
895,train,5.545177444479562,5.733341276897746,0.0,4.394449154672439,1,1,0,11,0.18816383241818357,0.0,0,0
896,train,6.577861357721047,6.822197390620491,4.442651256490317,4.465908118654584,1,1,2,12,0.24433603289944372,0.16666666666666666,0,0
897,train,4.795790545596741,4.912654885736052,2.70805020110221,3.8501476017100584,1,0,0,13,0.11686434013931102,0.0,0,0
898,test,6.2766434893416445,6.175867270105761,0.0,2.639057329615259,1,0,0,12,-0.10077621923588342,0.0,0,0
899,test,4.919980925828125,5.093750200806762,4.6443908991413725,1.0986122886681096,1,1,2,8,0.17376927497863726,0.25,0,0
900,test,6.495265555937008,6.444131256700441,4.1588830833596715,3.4011973816621555,1,1,0,8,-0.051134299236567315,0.0,0,0
901,test,4.2626798770413155,4.51085950651685,0.0,0.0,1,1,4,9,0.2481796294755343,0.4444444444444444,1,0
902,test,7.354362330421477,7.101675971619444,0.0,4.59511985013459,1,1,0,14,-0.25268635880203316,0.0,0,0
903,train,7.302496423727326,7.312553498102598,3.367295829986474,6.647688373563329,1,1,0,11,0.010057074375271924,0.0,0,0
904,train,6.992096427415888,6.827629234502852,4.897839799950911,5.652489180268651,1,0,0,10,-0.1644671929130359,0.0,0,0
905,train,6.815639990074331,6.331501849893691,3.4011973816621555,5.356586274672012,1,0,0,13,-0.48413814018064016,0.0,0,0
906,train,7.1372784372603855,6.754604099487962,2.70805020110221,5.43372200355424,1,0,0,11,-0.3826743377724231,0.0,0,0
907,train,6.073044534100405,6.19644412779452,0.0,2.5649493574615367,1,1,0,11,0.12339959369411524,0.0,0,0
908,train,5.5909869805108565,5.768320995793772,2.995732273553991,2.772588722239781,1,1,0,16,0.17733401528291548,0.0,0,0
909,train,5.099866427824199,4.700480365792417,0.0,3.6109179126442243,1,1,2,12,-0.3993860620317822,0.16666666666666666,0,0
910,train,5.2832037287379885,5.337538079701318,0.0,3.332204510175204,1,1,0,7,0.05433435096332939,0.0,0,0
911,train,5.564520407322694,5.6937321388027,2.3978952727983707,1.0986122886681096,1,0,0,7,0.1292117314800061,0.0,0,0
912,train,5.262690188904886,4.983606621708336,0.0,3.6375861597263857,1,1,0,10,-0.27908356719654925,0.0,0,0
913,train,5.236441962829949,5.2574953720277815,3.2188758248682006,3.828641396489095,1,0,0,15,0.021053409197832273,0.0,0,0
914,train,6.363028103540465,6.22455842927536,3.332204510175204,3.58351893845611,1,1,0,11,-0.13846967426510481,0.0,0,0
915,train,6.093569770045136,6.579251212010101,0.0,4.574710978503383,1,0,2,7,0.48568144196496554,0.2857142857142857,0,0
916,train,1.791759469228055,1.6094379124341003,0.0,0.0,1,0,2,13,-0.18232155679395468,0.15384615384615385,1,0
917,train,5.736572297479192,6.71901315438526,0.0,5.318119993844216,1,1,0,9,0.9824408569060674,0.0,0,0
918,train,5.247024072160486,5.808142489980444,0.0,1.791759469228055,1,1,0,16,0.5611184178199577,0.0,0,0
919,test,6.259581464064923,6.202535517187923,0.0,3.784189633918261,1,1,0,11,-0.057045946877000375,0.0,0,0
920,train,3.784189633918261,3.4339872044851463,0.0,2.772588722239781,1,1,2,6,-0.35020242943311475,0.3333333333333333,0,0
921,train,4.0943445622221,4.499809670330265,0.0,0.0,1,0,2,12,0.4054651081081646,0.16666666666666666,1,0
922,train,5.1298987149230735,2.3978952727983707,0.0,0.0,1,0,0,5,-2.732003442124703,0.0,1,0
923,train,5.365976015021851,5.616771097666572,0.0,0.6931471805599453,1,1,0,13,0.2507950826447205,0.0,0,0
924,test,4.04305126783455,5.0369526024136295,3.367295829986474,3.6109179126442243,1,1,3,13,0.9939013345790793,0.23076923076923078,0,0
925,test,5.68697535633982,5.730099782973575,0.0,3.1354942159291497,1,1,2,11,0.04312442663375471,0.18181818181818182,0,0
926,test,5.673323267171493,6.487684018484611,0.0,3.9318256327243257,1,1,0,11,0.8143607513131181,0.0,0,0
927,test,6.192362489474872,6.977281341630747,0.0,3.9889840465642745,1,1,0,7,0.784918852155875,0.0,0,0
928,train,5.953243334287785,6.1224928095143865,0.0,3.4657359027997265,1,0,2,6,0.16924947522660183,0.3333333333333333,0,0
929,test,5.968707559985366,6.255750041753367,3.6635616461296463,4.3694478524670215,1,1,0,10,0.28704248176800107,0.0,0,0
930,train,7.202661196523238,6.569481420414296,3.2188758248682006,4.727387818712341,1,0,0,12,-0.6331797761089417,0.0,0,0
931,train,6.18826412308259,6.480044561926653,2.9444389791664403,5.429345628954441,1,1,0,7,0.29178043884406346,0.0,0,0
932,train,4.553876891600541,4.820281565605037,0.0,0.0,0,1,0,12,0.2664046740044963,0.0,1,0
933,test,6.403574197934815,6.208590026096629,4.060443010546419,4.61512051684126,1,1,0,13,-0.19498417183818617,0.0,0,0
934,train,6.100318952020064,6.1092475827643655,0.0,4.110873864173311,1,0,0,16,0.00892863074430128,0.0,0,0
935,train,5.564520407322694,5.087596335232384,0.0,1.0986122886681096,1,1,0,10,-0.47692407209031007,0.0,0,0
936,train,6.184148890937483,6.023447592961033,2.639057329615259,4.0943445622221,1,1,0,8,-0.16070129797645016,0.0,0,0
937,train,6.135564891081739,6.55250788703459,0.0,6.16541785423142,1,1,0,7,0.41694299595285145,0.0,0,0
938,test,5.517452896464707,5.288267030694535,4.276666119016055,3.332204510175204,1,1,0,11,-0.2291858657701722,0.0,0,0
939,train,5.6937321388027,6.206575926724928,0.0,3.912023005428146,1,1,0,12,0.5128437879222281,0.0,0,0
940,train,5.303304908059076,5.720311776607412,0.0,4.418840607796598,1,1,0,8,0.41700686854833613,0.0,0,0
941,train,6.238324625039508,6.773080375655535,0.6931471805599453,6.220590170099739,1,1,0,11,0.5347557506160276,0.0,0,0
942,test,6.591673732008658,5.730099782973575,0.0,3.9318256327243257,1,0,0,5,-0.8615739490350833,0.0,0,0
943,train,6.877296071497429,6.851184927493743,4.8283137373023015,4.77912349311153,1,0,0,12,-0.026111144003685638,0.0,0,0
944,train,5.420534999272286,5.730099782973575,0.0,4.31748811353631,1,1,0,8,0.3095647837012887,0.0,0,0
945,train,5.472270673671475,6.20050917404269,0.0,3.091042453358316,1,1,4,10,0.7282385003712148,0.4,0,0
946,train,4.7535901911063645,5.081404364984463,4.007333185232471,4.127134385045092,1,1,0,9,0.32781417387809864,0.0,0,0
947,test,1.791759469228055,2.639057329615259,0.0,0.6931471805599453,1,1,4,16,0.8472978603872039,0.25,0,0
948,test,5.652489180268651,5.66988092298052,2.1972245773362196,3.4657359027997265,1,1,0,10,0.01739174271186883,0.0,0,0
949,train,5.337538079701318,5.420534999272286,3.2188758248682006,1.9459101490553132,1,1,0,10,0.08299691957096833,0.0,0,0
950,train,4.672828834461906,4.997212273764115,0.0,0.6931471805599453,1,1,0,11,0.3243834393022089,0.0,0,0
951,train,5.3981627015177525,5.908082938168931,0.0,2.3978952727983707,1,1,0,12,0.5099202366511788,0.0,0,0
952,train,3.6888794541139363,3.784189633918261,2.4849066497880004,0.0,1,1,4,10,0.09531017980432477,0.4,1,0
953,train,5.7430031878094825,6.023447592961033,0.0,1.3862943611198906,0,1,0,13,0.28044440515155067,0.0,0,0
954,train,5.921578419643816,5.926926025970411,0.0,3.8501476017100584,1,1,0,14,0.0053476063265947005,0.0,0,0
955,train,3.7612001156935624,2.1972245773362196,0.0,0.6931471805599453,1,0,0,15,-1.5639755383573428,0.0,0,0
956,train,5.910796644040527,6.131226489483141,3.4339872044851463,4.189654742026425,1,1,0,7,0.2204298454426139,0.0,0,0
957,train,6.340359303727752,6.373319789577012,0.0,2.639057329615259,1,1,0,7,0.03296048584926048,0.0,0,0
958,train,6.423246963533519,6.7226297948554485,3.7612001156935624,4.6913478822291435,1,1,0,15,0.2993828313219291,0.0,0,0
959,train,5.1647859739235145,3.295836866004329,3.970291913552122,2.5649493574615367,1,1,0,11,-1.8689491079191853,0.0,0,0
960,train,6.742880635791903,6.8658910748834385,0.0,5.3471075307174685,1,1,0,14,0.12301043909153542,0.0,0,0
961,train,7.022868086082641,7.020190708311925,5.017279836814924,6.423246963533519,1,1,0,10,-0.002677377770716305,0.0,0,0
962,train,5.5053315359323625,5.342334251964811,1.6094379124341003,1.0986122886681096,1,1,2,12,-0.16299728396755153,0.16666666666666666,0,0
963,test,5.926926025970411,6.100318952020064,0.0,4.653960350157523,1,1,0,7,0.17339292604965362,0.0,0,0
964,train,6.226536669287466,6.212606095751519,0.0,4.174387269895637,1,0,0,9,-0.013930573535946955,0.0,0,0
965,train,5.834810737062605,6.956545443151569,3.5263605246161616,5.176149732573829,1,1,0,8,1.1217347060889642,0.0,0,0
966,test,6.073044534100405,6.298949246855942,0.6931471805599453,5.666426688112432,1,1,0,12,0.22590471275553714,0.0,0,0
967,train,6.214608098422191,6.6320017773956295,0.0,3.1780538303479458,1,1,2,13,0.41739367897343804,0.15384615384615385,0,0
968,test,5.739792912179234,5.857933154483459,0.0,3.258096538021482,1,1,0,14,0.11814024230422504,0.0,0,0
969,test,5.802118375377063,6.0473721790462776,3.713572066704308,6.684611727667927,1,1,0,11,0.24525380366921468,0.0,0,0
970,train,6.269096283706261,6.492239835020471,3.2188758248682006,4.700480365792417,1,0,0,10,0.2231435513142097,0.0,0,0
971,test,4.382026634673881,4.51085950651685,0.0,0.0,1,1,0,7,0.12883287184296854,0.0,1,0
972,test,6.124683390894205,6.483107351457199,0.6931471805599453,5.14166355650266,1,1,0,9,0.35842396056299375,0.0,0,0
973,train,5.768320995793772,5.937536205082426,3.8918202981106265,3.7376696182833684,1,1,0,13,0.1692152092886543,0.0,0,0
974,train,5.135798437050262,3.6888794541139363,0.0,1.6094379124341003,1,0,0,11,-1.4469189829363258,0.0,0,0
975,test,6.0014148779611505,6.154858094016418,3.1780538303479458,3.8712010109078907,1,1,0,10,0.15344321605526723,0.0,0,0
976,test,6.311734809152915,6.186208623900494,3.4657359027997265,4.442651256490317,1,1,0,11,-0.1255261852524212,0.0,0,0
977,train,6.880384082186005,6.597145701886651,1.791759469228055,4.736198448394496,1,1,0,13,-0.28323838029935366,0.0,0,0
978,train,5.087596335232384,5.1298987149230735,0.0,4.0943445622221,1,1,0,8,0.04230237969068984,0.0,0,0
979,test,6.371611847231857,6.507277712385012,3.7612001156935624,3.4657359027997265,1,0,0,10,0.13566586515315482,0.0,0,0
980,train,6.073044534100405,6.118097198041348,0.0,3.970291913552122,1,1,0,10,0.045052663940943205,0.0,0,0
981,train,6.240275845170769,6.259581464064923,4.04305126783455,4.48863636973214,1,1,0,10,0.01930561889415383,0.0,0,0
982,test,6.306275286948016,6.673297967767654,0.0,2.8903717578961645,1,0,0,8,0.3670226808196384,0.0,0,0
983,train,5.998936561946683,5.840641657373398,4.59511985013459,6.9650803456014065,1,1,0,10,-0.15829490457328443,0.0,0,0
984,train,7.496652438168283,6.937314081223682,0.0,4.820281565605037,1,0,0,8,-0.5593383569446013,0.0,0,0
985,train,5.777652323222656,5.902633333401366,3.9318256327243257,4.812184355372417,1,1,0,6,0.12498101017870944,0.0,0,0
986,train,6.939253946041508,6.579251212010101,2.5649493574615367,4.605170185988092,1,0,0,13,-0.3600027340314069,0.0,0,0
987,train,6.741700694652055,6.612041034833092,3.1354942159291497,3.6635616461296463,1,0,0,12,-0.1296596598189632,0.0,0,0
988,train,6.133398042996649,5.942799375126701,1.791759469228055,4.219507705176107,1,1,0,12,-0.1905986678699474,0.0,0,0
989,train,6.023447592961033,6.028278520230698,2.5649493574615367,2.772588722239781,1,1,1,12,0.00483092726966472,0.08333333333333333,0,0
990,train,5.872117789475416,6.1224928095143865,0.0,2.995732273553991,1,1,0,12,0.2503750200389705,0.0,0,0
991,test,6.2324480165505225,6.22455842927536,2.302585092994046,4.31748811353631,1,1,0,5,-0.007889587275162313,0.0,0,0
992,train,6.016157159698354,6.833031732786201,1.9459101490553132,3.4965075614664802,1,1,0,7,0.8168745730878468,0.0,0,0
993,train,5.43372200355424,6.693323668269949,2.639057329615259,0.0,1,1,0,13,1.2596016647157091,0.0,1,0
994,test,6.646390514847729,7.017506142941256,3.258096538021482,4.532599493153256,1,0,0,10,0.37111562809352705,0.0,0,0
995,train,6.327936783729195,6.51471269087253,0.0,2.639057329615259,1,1,0,14,0.18677590714333547,0.0,0,0
996,train,5.948034989180646,5.849324779946859,3.1780538303479458,3.6635616461296463,1,1,0,7,-0.09871020923378637,0.0,0,0
997,train,5.82600010738045,5.814130531825066,2.995732273553991,3.4339872044851463,1,1,0,13,-0.011869575555383705,0.0,0,0
998,train,5.846438775057724,5.8944028342648505,0.0,4.04305126783455,1,1,0,11,0.04796405920712665,0.0,0,0
999,train,6.040254711277414,6.021023349349527,3.5263605246161616,3.6635616461296463,1,1,0,13,-0.019231361927887214,0.0,0,0
1000,train,6.1675164908883415,6.137727054086234,2.302585092994046,4.330733340286331,1,1,0,13,-0.02978943680210744,0.0,0,0
1001,train,5.855071922202427,5.82600010738045,2.772588722239781,2.772588722239781,1,1,0,6,-0.02907181482197707,0.0,0,0
1002,train,6.368187186350492,6.436150368369428,0.0,3.6109179126442243,1,1,0,14,0.0679631820189357,0.0,0,0
1003,train,6.173786103901937,6.306275286948016,4.0943445622221,4.394449154672439,1,1,0,10,0.13248918304607926,0.0,0,0
1004,test,5.8664680569332965,5.8111409929767,2.70805020110221,3.6635616461296463,1,1,0,11,-0.05532706395659659,0.0,0,0
1005,test,6.366470447731438,6.300785794663244,1.9459101490553132,4.07753744390572,1,1,0,11,-0.06568465306819427,0.0,0,0
1006,train,6.329720905522696,6.2166061010848646,3.6888794541139363,3.912023005428146,1,1,0,9,-0.1131148044378314,0.0,0,0
1007,train,6.26530121273771,6.925595197110468,2.3978952727983707,3.7376696182833684,1,1,0,13,0.6602939843727578,0.0,0,0
1008,train,6.115892125483034,6.1779441140506,0.0,4.418840607796598,1,1,0,6,0.062051988567565886,0.0,0,0
1009,train,6.570882962339584,6.456769655572163,1.3862943611198906,4.77912349311153,1,1,0,13,-0.11411330676742093,0.0,0,0
1010,train,5.602118820879701,5.638354669333745,3.5553480614894135,3.970291913552122,1,1,0,11,0.03623584845404437,0.0,0,0
1011,train,6.049733455231958,6.052089168924417,3.713572066704308,5.135798437050262,1,1,0,12,0.00235571369245946,0.0,0,0
1012,test,6.447305862541213,6.464588303689961,0.6931471805599453,4.543294782270004,1,1,0,17,0.01728244114874844,0.0,0,0
1013,train,6.795705775173515,6.805722553416985,3.4339872044851463,4.477336814478207,1,1,0,14,0.010016778243470803,0.0,0,0
1014,train,6.214608098422191,6.42648845745769,2.70805020110221,4.04305126783455,1,1,0,12,0.21188035903549896,0.0,0,0
1015,test,6.089044875446846,6.293419278846481,2.833213344056216,3.8918202981106265,1,1,0,6,0.20437440339963509,0.0,0,0
1016,train,5.707110264748875,6.093569770045136,0.0,3.6109179126442243,1,1,0,12,0.3864595052962603,0.0,0,0
1017,test,5.68697535633982,5.958424693029782,2.1972245773362196,2.772588722239781,1,1,2,14,0.27144933668996174,0.14285714285714285,0,0
1018,test,6.061456918928017,5.955837369464831,3.9318256327243257,2.9444389791664403,1,1,0,14,-0.10561954946318597,0.0,0,0
1019,train,6.175867270105761,6.1779441140506,0.0,4.290459441148391,1,1,0,11,0.0020768439448390907,0.0,0,0
1020,train,6.588926477533519,6.368187186350492,0.0,2.8903717578961645,1,0,0,16,-0.22073929118302704,0.0,0,0
1021,test,6.829793737512425,6.725033642166843,3.295836866004329,6.391917113392602,1,1,0,9,-0.10476009534558184,0.0,0,0
1022,train,6.448889394146858,6.470799503782602,3.1354942159291497,4.04305126783455,1,1,0,8,0.021910109635744135,0.0,0,0
1023,train,5.541263545158426,5.8664680569332965,3.1354942159291497,4.553876891600541,1,1,0,15,0.32520451177487075,0.0,0,0
1024,train,6.736966958001855,6.682108597449809,0.0,4.605170185988092,1,1,0,13,-0.05485836055204629,0.0,0,0
1025,train,6.473890696352274,6.297109319933935,3.091042453358316,3.6109179126442243,1,1,0,14,-0.17678137641833924,0.0,0,0
1026,test,6.2422232654551655,6.093569770045136,0.0,3.9318256327243257,1,1,0,14,-0.1486534954100298,0.0,0,0
1027,train,5.82600010738045,5.908082938168931,1.0986122886681096,3.6375861597263857,1,1,0,13,0.08208283078848133,0.0,0,0
1028,train,6.844815479208263,7.085901464365611,4.204692619390966,3.332204510175204,1,1,0,14,0.2410859851573477,0.0,0,0
1029,train,5.683579767338681,5.4638318050256105,0.0,4.6443908991413725,1,1,0,12,-0.21974796231307092,0.0,0,0
1030,train,6.336825731146441,6.289715570908998,0.0,4.276666119016055,1,1,0,13,-0.04711016023744374,0.0,0,0
1031,test,6.590301048196686,6.593044534142437,0.0,3.4657359027997265,1,1,0,11,0.002743485945750912,0.0,0,0
1032,train,5.752572638825633,5.236441962829949,4.634728988229636,5.303304908059076,1,0,0,11,-0.5161306759956839,0.0,0,0
1033,train,6.480044561926653,6.467698726104354,3.6888794541139363,5.147494476813453,1,1,0,15,-0.0123458358222992,0.0,0,0
1034,train,6.230481447578482,6.368187186350492,3.5553480614894135,4.605170185988092,1,1,0,11,0.1377057387720102,0.0,0,0
1035,train,6.450470422144176,6.499787040655854,2.70805020110221,3.4657359027997265,1,1,0,10,0.049316618511678456,0.0,0,0
1036,train,6.257667587882639,6.198478716492308,2.3978952727983707,4.248495242049359,1,1,0,14,-0.059188871390331244,0.0,0,0
1037,train,6.150602768446279,6.124683390894205,3.7376696182833684,2.5649493574615367,1,1,0,6,-0.025919377552074074,0.0,0,0
1038,test,6.274762021241939,6.393590753950631,3.9889840465642745,4.276666119016055,1,1,0,8,0.11882873270869254,0.0,0,0
1039,train,5.8289456176102075,5.805134968916488,3.8918202981106265,1.6094379124341003,1,1,0,12,-0.023810648693719294,0.0,0,0
1040,test,5.934894195619588,5.961005339623274,0.0,3.5263605246161616,1,1,0,13,0.026111144003685638,0.0,0,0
1041,train,6.028278520230698,6.208590026096629,0.0,4.110873864173311,1,1,0,10,0.18031150586593103,0.0,0,0
1042,train,6.059123195581797,6.3080984415095305,4.290459441148391,4.007333185232471,1,1,0,11,0.2489752459277339,0.0,0,0
1043,train,6.285998094508865,6.104793232414985,3.5263605246161616,4.382026634673881,1,1,0,9,-0.18120486209387998,0.0,0,0
1044,train,6.1779441140506,6.320768294250582,2.1972245773362196,3.4011973816621555,1,1,0,11,0.1428241801999821,0.0,0,0
1045,train,6.20050917404269,6.586171654854675,0.0,4.276666119016055,1,1,0,14,0.38566248081198484,0.0,0,0
1046,test,6.368187186350492,6.490723534502507,0.0,4.394449154672439,1,1,0,11,0.12253634815201497,0.0,0,0
1047,train,5.8522024797744745,5.945420608606575,1.9459101490553132,4.204692619390966,1,1,0,9,0.09321812883210079,0.0,0,0
1048,test,5.700443573390686,5.700443573390686,3.1354942159291497,3.258096538021482,1,1,0,12,0.0,0.0,0,0
1049,train,5.777652323222656,6.021023349349527,3.1780538303479458,2.5649493574615367,1,1,0,11,0.24337102612687023,0.0,0,0
1050,train,5.214935757608986,5.247024072160486,1.9459101490553132,2.4849066497880004,1,1,0,5,0.0320883145515003,0.0,0,0
1051,train,5.176149732573829,5.54907608489522,0.0,0.6931471805599453,1,1,0,12,0.37292635232139126,0.0,0,0
1052,train,7.8528278122817445,6.542471960506805,1.3862943611198906,2.1972245773362196,1,0,0,11,-1.3103558517749399,0.0,0,0
1053,train,8.035278911144667,6.267200548541362,4.890349128221754,3.4965075614664802,1,0,0,22,-1.7680783626033048,0.0,0,0
1054,train,8.41027590907016,7.701200180857446,4.875197323201151,5.220355825078325,1,0,0,15,-0.7090757282127136,0.0,0,0
1055,train,7.641564441260972,7.6953031349635665,4.553876891600541,6.775366090936392,1,0,0,7,0.053738693702594986,0.0,0,0
1056,test,6.919683849847411,5.572154032177765,4.61512051684126,4.890349128221754,1,0,0,17,-1.3475298176696464,0.0,0,0
1057,test,3.6375861597263857,6.025865973825314,3.912023005428146,1.791759469228055,1,0,0,9,2.3882798140989285,0.0,0,0
1058,train,6.257667587882639,7.7823903355874595,4.77912349311153,2.302585092994046,1,0,2,17,1.5247227477048204,0.11764705882352941,0,0
1059,train,2.833213344056216,4.060443010546419,3.295836866004329,1.6094379124341003,1,1,2,14,1.227229666490203,0.14285714285714285,0,0
1060,test,5.407171771460119,6.089044875446846,4.663439094112067,1.791759469228055,1,0,3,14,0.6818731039867272,0.21428571428571427,0,0
1061,train,3.8066624897703196,8.239593454305968,0.0,0.6931471805599453,0,0,0,13,4.4329309645356485,0.0,0,0
1062,test,7.720461694599722,8.521782643750045,0.0,5.153291594497779,1,0,7,15,0.8013209491503233,0.4666666666666667,0,0
1063,train,6.09807428216624,6.405228458030842,4.718498871295094,1.3862943611198906,1,0,4,16,0.3071541758646017,0.25,0,0
1064,test,5.8888779583328805,7.735870319952567,0.0,5.43372200355424,1,0,0,12,1.8469923616196864,0.0,0,0
1065,train,4.962844630259907,5.66988092298052,0.0,2.0794415416798357,1,0,0,12,0.7070362927206126,0.0,0,0
1066,train,4.74493212836325,5.517452896464707,0.0,3.912023005428146,1,0,0,14,0.7725207681014572,0.0,0,0
1067,train,5.831882477283517,6.285998094508865,0.0,1.6094379124341003,1,0,4,15,0.454115617225348,0.26666666666666666,0,0
1068,train,5.638354669333745,6.539585955617669,2.0794415416798357,2.1972245773362196,1,0,0,16,0.9012312862839238,0.0,0,0
1069,train,4.543294782270004,4.941642422609304,0.0,1.3862943611198906,1,0,0,12,0.39834764033930004,0.0,0,0
1070,train,4.07753744390572,5.14166355650266,2.5649493574615367,3.044522437723423,1,0,0,9,1.0641261125969406,0.0,0,0
1071,test,5.5134287461649825,6.871091294610546,4.3694478524670215,3.4339872044851463,1,0,0,10,1.357662548445563,0.0,0,0
1072,train,5.641907070938114,7.202661196523238,4.110873864173311,5.793013608384144,1,0,5,9,1.5607541255851238,0.5555555555555556,0,0
1073,train,7.068172000388042,7.266827347520591,2.772588722239781,1.3862943611198906,1,0,0,10,0.19865534713254895,0.0,0,0
1074,train,5.0689042022202315,5.717027701406222,3.9512437185814275,1.0986122886681096,1,0,2,11,0.6481234991859903,0.18181818181818182,0,0
1075,test,4.2626798770413155,6.695798917058491,0.0,1.9459101490553132,1,0,1,9,2.433119040017176,0.1111111111111111,0,0
1076,train,7.144407180321139,6.520621127558696,3.9318256327243257,0.6931471805599453,1,0,0,13,-0.6237860527624424,0.0,0,0
1077,train,5.288267030694535,4.882801922586371,1.3862943611198906,0.6931471805599453,0,0,0,12,-0.4054651081081646,0.0,0,0
1078,train,6.212606095751519,5.003946305945459,2.5649493574615367,1.0986122886681096,1,0,4,12,-1.2086597898060596,0.3333333333333333,0,0
1079,train,7.441906728051625,6.361302477572996,3.258096538021482,1.9459101490553132,1,0,2,14,-1.080604250478629,0.14285714285714285,0,0
1080,train,6.1092475827643655,7.049254841255837,0.0,4.442651256490317,0,1,0,9,0.9400072584914714,0.0,0,0
1081,train,6.930494765951626,8.566554620953962,4.948759890378168,1.0986122886681096,1,0,3,10,1.636059855002336,0.3,0,0
1082,train,0.6931471805599453,2.772588722239781,0.0,0.0,1,1,0,10,2.0794415416798357,0.0,1,0
1083,train,6.416732282512326,6.244166900663736,4.553876891600541,3.6109179126442243,1,0,0,12,-0.17256538184858972,0.0,0,0
1084,train,3.1780538303479458,4.948759890378168,4.060443010546419,0.0,1,0,0,10,1.7707060600302227,0.0,1,0
1085,train,6.690842277418564,7.845416036592485,0.0,3.258096538021482,1,0,5,18,1.1545737591739211,0.2777777777777778,0,0
1086,train,5.676753802268282,4.442651256490317,4.23410650459726,1.791759469228055,1,0,1,11,-1.234102545777965,0.09090909090909091,0,0
1087,train,4.356708826689592,3.7612001156935624,2.833213344056216,1.791759469228055,1,0,0,16,-0.5955087109960293,0.0,0,0
1088,train,6.073044534100405,6.016157159698354,3.4657359027997265,1.3862943611198906,1,0,0,12,-0.05688737440205127,0.0,0,0
1089,train,5.298317366548036,4.127134385045092,4.304065093204169,0.6931471805599453,1,0,0,12,-1.1711829815029446,0.0,0,0
1090,train,5.777652323222656,5.552959584921617,0.0,1.3862943611198906,1,0,0,12,-0.22469273830103909,0.0,0,0
1091,train,5.214935757608986,5.049856007249537,0.0,0.6931471805599453,1,0,0,10,-0.16507975035944877,0.0,0,0
1092,train,5.030437921392435,6.874198495453294,0.0,1.9459101490553132,1,0,0,9,1.843760574060859,0.0,0,0
1093,train,5.0106352940962555,6.71295620067707,4.430816798843313,1.9459101490553132,1,0,0,13,1.7023209065808143,0.0,0,0
1094,train,5.5134287461649825,5.75890177387728,4.6913478822291435,1.3862943611198906,1,0,0,9,0.24547302771229784,0.0,0,0
1095,train,6.543911845564792,8.08825472712243,4.442651256490317,2.1972245773362196,1,0,2,15,1.5443428815576388,0.13333333333333333,0,0
1096,train,5.662960480135946,7.286191714702382,2.3978952727983707,2.1972245773362196,1,0,4,13,1.6232312345664361,0.3076923076923077,0,0
1097,train,6.687108607866515,8.420021279663963,4.418840607796598,2.302585092994046,1,0,3,15,1.7329126717974486,0.2,0,0
1098,train,3.091042453358316,6.375024819828097,4.007333185232471,1.3862943611198906,1,0,0,12,3.2839823664697807,0.0,0,0
1099,train,2.5649493574615367,5.313205979041787,4.912654885736052,1.0986122886681096,1,0,0,12,2.7482566215802504,0.0,0,0
1100,train,4.836281906951478,6.539585955617669,2.772588722239781,1.3862943611198906,1,0,3,14,1.7033040486661912,0.21428571428571427,0,0
1101,train,3.258096538021482,6.641182169740591,4.2626798770413155,1.0986122886681096,1,0,0,16,3.383085631719109,0.0,0,0
1102,train,4.762173934797756,7.143617602704121,4.330733340286331,1.3862943611198906,1,0,0,18,2.381443667906365,0.0,0,0
1103,test,4.948759890378168,5.666426688112432,0.0,1.791759469228055,1,0,0,13,0.7176667977342639,0.0,0,0
1104,train,3.8712010109078907,4.127134385045092,4.060443010546419,2.0794415416798357,1,0,0,15,0.25593337413720096,0.0,0,0
1105,train,4.499809670330265,4.727387818712341,0.0,1.3862943611198906,1,1,2,12,0.2275781483820758,0.16666666666666666,0,0
1106,train,2.5649493574615367,3.367295829986474,0.0,0.6931471805599453,1,1,4,14,0.8023464725249374,0.2857142857142857,0,0
1107,train,5.82600010738045,6.077642243349034,0.0,2.0794415416798357,1,1,0,10,0.2516421359685843,0.0,0,0
1108,train,6.775366090936392,6.93537044601511,3.2188758248682006,1.0986122886681096,1,0,0,17,0.16000435507871824,0.0,0,0
1109,test,5.886104031450156,6.375024819828097,3.8918202981106265,2.1972245773362196,1,1,0,12,0.48892078837794095,0.0,0,0
1110,test,5.869296913133774,6.598509028614515,3.4965075614664802,1.791759469228055,1,1,0,7,0.7292121154807409,0.0,0,0
1111,train,3.912023005428146,5.7899601708972535,0.0,2.0794415416798357,1,0,0,14,1.8779371654691075,0.0,0,0
1112,train,3.8712010109078907,4.8283137373023015,0.0,1.3862943611198906,1,1,0,13,0.9571127263944108,0.0,0,0
1113,train,3.713572066704308,4.77912349311153,1.3862943611198906,1.6094379124341003,0,0,0,13,1.0655514264072217,0.0,0,0
1114,train,5.645446897643238,5.934894195619588,3.6375861597263857,2.302585092994046,1,1,0,12,0.28944729797635027,0.0,0,0
1115,train,5.081404364984463,5.720311776607412,0.0,1.791759469228055,1,1,0,10,0.6389074116229487,0.0,0,0
1116,train,6.406879986069314,6.26530121273771,4.007333185232471,1.9459101490553132,1,0,0,9,-0.14157877333160407,0.0,0,0
1117,train,6.705639094860003,6.472346294500901,4.875197323201151,2.302585092994046,1,0,1,15,-0.23329280035910216,0.06666666666666667,0,0
1118,train,5.666426688112432,5.902633333401366,2.1972245773362196,1.6094379124341003,1,1,0,14,0.23620664528893354,0.0,0,0
1119,train,5.480638923341991,6.0330862217988015,3.332204510175204,2.1972245773362196,1,1,0,14,0.5524472984568103,0.0,0,0
1120,train,5.0369526024136295,5.537334267018537,0.0,2.1972245773362196,1,1,0,12,0.5003816646049071,0.0,0,0
1121,train,3.091042453358316,4.1588830833596715,0.0,0.6931471805599453,1,0,4,14,1.0678406300013554,0.2857142857142857,0,0
1122,train,3.7376696182833684,4.543294782270004,0.0,0.6931471805599453,1,1,0,9,0.8056251639866354,0.0,0,0
1123,test,3.4965075614664802,3.8918202981106265,0.0,1.6094379124341003,1,0,0,17,0.39531273664414623,0.0,0,0
1124,train,2.639057329615259,4.304065093204169,4.04305126783455,2.1972245773362196,1,1,0,12,1.6650077635889104,0.0,0,0
1125,train,3.4339872044851463,5.8522024797744745,5.0106352940962555,0.6931471805599453,1,0,2,9,2.4182152752893282,0.2222222222222222,0,0
1126,train,6.095824562432225,7.507690077819904,0.0,2.1972245773362196,1,0,0,14,1.411865515387679,0.0,0,0
1127,train,6.249975242259483,7.434847875211999,4.219507705176107,1.9459101490553132,1,0,4,12,1.1848726329525165,0.3333333333333333,0,0
1128,train,4.976733742420574,6.480044561926653,0.0,2.1972245773362196,1,1,0,11,1.503310819506079,0.0,0,0
1129,train,4.59511985013459,6.843749949006225,0.0,2.1972245773362196,1,0,0,15,2.248630098871635,0.0,0,0
1130,train,5.181783550292085,5.472270673671475,0.0,2.302585092994046,1,1,2,12,0.29048712337939,0.16666666666666666,0,0
1131,train,5.69035945432406,5.937536205082426,3.332204510175204,0.6931471805599453,1,1,1,13,0.2471767507583662,0.07692307692307693,0,0
1132,train,5.056245805348308,5.111987788356544,0.0,2.1972245773362196,1,0,0,16,0.05574198300823596,0.0,0,0
1133,train,1.791759469228055,3.8501476017100584,4.663439094112067,2.0794415416798357,1,0,0,15,2.0583881324820035,0.0,0,0
1134,train,5.337538079701318,5.556828061699537,0.0,1.6094379124341003,1,0,2,12,0.21928998199821947,0.16666666666666666,0,0
1135,train,5.75890177387728,6.208590026096629,4.663439094112067,1.791759469228055,1,0,0,16,0.4496882522193486,0.0,0,0
1136,train,3.1354942159291497,3.8501476017100584,0.0,0.6931471805599453,1,1,0,13,0.7146533857809088,0.0,0,0
1137,train,4.2626798770413155,5.081404364984463,0.0,1.6094379124341003,1,1,0,5,0.8187244879431477,0.0,0,0
1138,train,4.990432586778736,5.318119993844216,2.0794415416798357,1.6094379124341003,1,1,0,6,0.32768740706548005,0.0,0,0
1139,train,5.568344503761097,6.192362489474872,0.0,1.3862943611198906,1,1,0,11,0.6240179857137758,0.0,0,0
1140,train,5.83773044716594,6.144185634125646,1.9459101490553132,1.3862943611198906,1,1,0,7,0.3064551869597052,0.0,0,0
1141,test,5.214935757608986,5.996452088619021,0.0,2.302585092994046,1,1,0,20,0.7815163310100353,0.0,0,0
1142,train,5.5254529391317835,6.680854678790215,4.584967478670572,2.302585092994046,1,0,0,20,1.1554017396584317,0.0,0,0
1143,train,4.574710978503383,4.90527477843843,1.3862943611198906,2.302585092994046,1,1,0,20,0.3305637999350468,0.0,0,0
1144,train,4.983606621708336,5.793013608384144,4.941642422609304,1.9459101490553132,1,0,0,14,0.8094069866758078,0.0,0,0
1145,test,4.990432586778736,5.117993812416755,0.0,1.6094379124341003,1,1,4,10,0.12756122563801942,0.4,0,0
1146,train,3.8066624897703196,5.891644211825771,0.0,1.0986122886681096,0,0,0,15,2.084981722055451,0.0,0,0
1147,test,6.675823221634848,8.047829357457841,4.736198448394496,1.9459101490553132,1,0,0,20,1.3720061358229936,0.0,0,0
1148,train,5.746203190540153,7.730174795246222,4.709530201312334,1.791759469228055,1,0,0,12,1.9839716047060687,0.0,0,0
1149,train,5.648974238161206,6.169610732491456,0.0,1.791759469228055,1,1,2,8,0.5206364943302502,0.25,0,0
1150,train,6.910750787961936,8.345217926676428,0.0,2.302585092994046,1,0,2,16,1.434467138714492,0.125,0,0
1151,train,5.459585514144159,6.490723534502507,4.543294782270004,1.0986122886681096,1,0,0,14,1.0311380203583482,0.0,0,0
1152,train,5.081404364984463,5.181783550292085,0.0,1.0986122886681096,1,0,0,12,0.10037918530762191,0.0,0,0
1153,train,5.337538079701318,6.317164686747284,0.0,2.302585092994046,1,0,2,11,0.979626607045966,0.18181818181818182,0,0
1154,train,3.8501476017100584,3.1354942159291497,3.091042453358316,1.6094379124341003,1,0,0,18,-0.7146533857809088,0.0,0,0
1155,train,5.043425116919247,4.997212273764115,3.1354942159291497,1.791759469228055,1,0,0,14,-0.04621284315513208,0.0,0,0
1156,train,4.110873864173311,4.07753744390572,3.8712010109078907,1.9459101490553132,1,0,0,13,-0.03333642026759165,0.0,0,0
1157,test,5.0106352940962555,4.820281565605037,0.0,0.6931471805599453,1,0,0,15,-0.19035372849121845,0.0,0,0
1158,train,5.241747015059643,6.22455842927536,0.0,1.3862943611198906,1,1,0,9,0.9828114142157176,0.0,0,0
1159,train,5.996452088619021,7.658227526161352,0.0,1.3862943611198906,1,0,1,10,1.6617754375423308,0.1,0,0
1160,train,5.480638923341991,7.034387929915503,4.983606621708336,2.302585092994046,1,0,0,19,1.5537490065735122,0.0,0,0
1161,test,4.5217885770490405,5.0106352940962555,0.0,2.0794415416798357,1,0,0,18,0.48884671704721505,0.0,0,0
1162,train,4.3694478524670215,6.664409020350408,3.367295829986474,0.6931471805599453,1,0,0,11,2.294961167883386,0.0,0,0
1163,train,4.912654885736052,6.249975242259483,3.8066624897703196,1.6094379124341003,1,0,4,11,1.3373203565234304,0.36363636363636365,0,0
1164,train,5.318119993844216,6.714170529909472,4.276666119016055,1.6094379124341003,1,0,0,12,1.396050536065256,0.0,0,0
